keyword,url,score,chunk_position,alternative_urls,is_manual,type
inondation cave que faire,https://cuve-expert.fr/blog/author/anthony/page/4/,2.817495107650757,1,,False,assigned
comment fixer un recuperateur d eau au mur,https://cuve-expert.fr/blog/vider-piscine-pompe-vide-cave/,2.787944793701172,3,,False,assigned
fonctionnement du surpresseur,https://cuve-expert.fr/blog/pompe-surface-fonctionnement-avantages/,1.4402912855148315,1,,False,assigned
comment fonctionne une pompe de relevage,https://cuve-expert.fr/blog/pompe-surface-fonctionnement-avantages/,2.957408905029297,1,,False,assigned
comment mettre de la pression dans un surpresseur,https://cuve-expert.fr/blog/guide-choisir-surpresseur/,2.0818898677825928,2,,False,assigned
marques tracteurs français,https://cuve-expert.fr/blog/quelles-sont-les-marques-de-tracteurs-francais/,1.6336638927459717,1,,False,assigned
tracteur carburant,https://cuve-expert.fr/blog/rouler-gnr/,3.4255571365356445,1,,False,assigned
augmenter pression eau,https://cuve-expert.fr/blog/pression-sanitaire-habitation/,3.2130539417266846,1,,False,assigned
tracteur francais,https://cuve-expert.fr/blog/legal-recuperer-eau-pluviale/,1.3997387886047363,0,,False,assigned
comment augmenter la pression d'eau dans un tuyau,https://cuve-expert.fr/blog/fonctionnement-pompe-surpresseur/,3.2522521018981934,1,,False,assigned
fonctionnement pompe vide cave,https://cuve-expert.fr/blog/pompe-surface-fonctionnement-avantages/,2.293882369995117,1,,False,assigned
schema de fonctionnement d'une pompe de relevage,https://cuve-expert.fr/blog/pompe-surface-fonctionnement-avantages/,2.443502902984619,1,,False,assigned
pompe piscine fonctionne mais n'aspire plus,https://cuve-expert.fr/blog/vider-piscine-pompe-vide-cave/,2.6830973625183105,2,,False,assigned
faut il fixer un recuperateur d'eau au mur,https://cuve-expert.fr/blog/installer-cuve-eau/,2.587012529373169,1,,False,assigned
pompe gnr libre service,https://cuve-expert.fr/blog/pompe-immergee-outil-extraire-eaux-souterraines/,1.880333662033081,3,,False,assigned
reglage pression eau,https://cuve-expert.fr/blog/regler-surpresseur-facilement/,2.587228298187256,2,,False,assigned
augmenter la pression d eau,https://cuve-expert.fr/blog/pression-sanitaire-habitation/,3.162604808807373,1,,False,assigned
ou trouver du gnr,https://cuve-expert.fr/blog/trouver-gnr-pompe-guide/,0.9380261898040771,0,,False,assigned
surpresseur fonctionnement,https://cuve-expert.fr/blog/pompe-surface-fonctionnement-avantages/,1.6954703330993652,1,,False,assigned
pompe de relevage vinaigre blanc,https://cuve-expert.fr/blog/habillage-cuve-eau-1000-litres/,1.4633965492248535,1,,False,assigned
pompe vide cave fonctionnement,https://cuve-expert.fr/blog/pompe-relevage-ne-pompe-pas/,2.9475505352020264,1,,False,assigned
fixation murale recuperateur d'eau,https://cuve-expert.fr/blog/optimiser-la-recolte-deau-avec-une-citerne-sur-le-toit/,2.5916974544525146,2,,False,assigned
comment fixer un recuperateur d'eau au mur,https://cuve-expert.fr/blog/vider-piscine-pompe-vide-cave/,2.7686028480529785,3,,False,assigned
augmenter pression d eau insuffisante,https://cuve-expert.fr/blog/pompe-eau-dimension/,3.0919976234436035,1,,False,assigned
pompe de relevage fonctionnement,https://cuve-expert.fr/blog/pompe-surface-fonctionnement-avantages/,2.6215333938598633,1,,False,assigned
station gnr libre service,https://cuve-expert.fr/blog/trouver-gnr-pompe-guide/,2.5909039974212646,1,,False,assigned
comment augmenter la pression d'eau,https://cuve-expert.fr/blog/augmenter-pression-eau/,3.229170799255371,0,,False,assigned
augmenter la pression eau,https://cuve-expert.fr/blog/pression-sanitaire-habitation/,3.1546757221221924,1,,False,assigned
tracteur français,https://cuve-expert.fr/blog/quelles-sont-les-marques-de-tracteurs-francais/,1.403329610824585,0,,False,assigned
fonctionnement surpresseur eau,https://cuve-expert.fr/blog/faire-durer-pompe-relevage/,2.095654010772705,1,,False,assigned
comment vider une cuve à fioul sans pompe,https://cuve-expert.fr/blog/pompe-immergee-outil-extraire-eaux-souterraines/,2.0585505962371826,2,,False,assigned
regler pression eau,https://cuve-expert.fr/blog/pompe-eau-dimension/,3.164639472961426,1,,False,assigned
installation pompe de relevage sous sol,https://cuve-expert.fr/blog/pompe-immergee-outil-extraire-eaux-souterraines/,2.250864028930664,3,,False,assigned
réglage pression pompe à eau,https://cuve-expert.fr/blog/pompe-eau-dimension/,3.0457706451416016,1,,False,assigned
pression circuit d'eau maison,https://cuve-expert.fr/blog/pression-sanitaire-habitation/,3.2821884155273438,1,,False,assigned
fonction du relais thermique,https://cuve-expert.fr/blog/transport-adr-et-stockage-adblue/,2.1086249351501465,2,,False,assigned
ou trouver du gnr en libre service,https://cuve-expert.fr/blog/trouver-gnr-pompe-guide/,0.9024894833564758,0,,False,assigned
marque tracteur français,https://cuve-expert.fr/blog/raccords-plomberie/,0.7900277972221375,0,,False,assigned
probleme de pompe de relevage,https://cuve-expert.fr/blog/pompe-relevage-ne-pompe-pas/,2.6548538208007812,1,,False,assigned
tracteur marque francaise,https://cuve-expert.fr/blog/quelles-sont-les-marques-de-tracteurs-francais/,1.1163250207901,0,,False,assigned
réglage pression eau maison,https://cuve-expert.fr/blog/pression-sanitaire-habitation/,3.208448886871338,1,,False,assigned
quelle pression d eau dans une maison,https://cuve-expert.fr/blog/pression-sanitaire-habitation/,3.6807007789611816,1,,False,assigned
marques de tracteurs français,https://cuve-expert.fr/blog/quelles-sont-les-marques-de-tracteurs-francais/,1.5198339223861694,1,,False,assigned
role du relais thermique,https://cuve-expert.fr/blog/relais-thermiques/,2.318925380706787,1,,False,assigned
pression d eau dans une maison,https://cuve-expert.fr/blog/pression-sanitaire-habitation/,3.5828027725219727,1,,False,assigned
comment augmenter la pression de l'eau,https://cuve-expert.fr/blog/augmenter-pression-eau/,3.1985034942626953,0,,False,assigned
a quoi sert un relais thermique,https://cuve-expert.fr/blog/relais-thermiques/,1.7944631576538086,1,,False,assigned
cuve 1000 litres gel hiver,https://cuve-expert.fr/blog/choisir-cuve-eau/,2.1193041801452637,3,,False,assigned
fixation recuperateur d'eau,https://cuve-expert.fr/blog/optimiser-la-recolte-deau-avec-une-citerne-sur-le-toit/,2.1233553886413574,2,,False,assigned
marque de tracteur francaise,https://cuve-expert.fr/blog/quelles-sont-les-marques-de-tracteurs-francais/,1.1050364971160889,0,,False,assigned
réglage surpresseur,https://cuve-expert.fr/blog/surpresseur-arret-ou-demarre-trop-rapidement/,1.2563467025756836,2,,False,assigned
pression eau maison 4 bars,https://cuve-expert.fr/blog/differences-pompe-d-arrosage-et-pompe-eau/,3.033918619155884,2,,False,assigned
marque de tracteur ancien français,https://cuve-expert.fr/blog/raccords-plomberie/,0.7994363307952881,0,,False,assigned
reglage surpresseur,https://cuve-expert.fr/blog/regler-surpresseur-facilement/,1.4074482917785645,2,,False,assigned
fonctionnement pompe de relevage,https://cuve-expert.fr/blog/pompe-surface-fonctionnement-avantages/,1.9661900997161865,1,,False,assigned
comptabilisation adblue,https://cuve-expert.fr/blog/adblue-moteur-tracteur/,1.8600034713745117,2,,False,assigned
fonction d'un relais thermique,https://cuve-expert.fr/blog/transport-adr-et-stockage-adblue/,2.0707883834838867,2,,False,assigned
probleme pompe de relevage,https://cuve-expert.fr/blog/pompe-relevage-ne-pompe-pas/,2.8249945640563965,1,,False,assigned
fonction relais thermique,https://cuve-expert.fr/blog/transport-adr-et-stockage-adblue/,2.2059783935546875,2,,False,assigned
relais thermique fonction,https://cuve-expert.fr/blog/transport-adr-et-stockage-adblue/,2.263493776321411,2,,False,assigned
augmenter pression eau maison,https://cuve-expert.fr/blog/pression-sanitaire-habitation/,3.3444533348083496,1,,False,assigned
ou trouver du gnr en station service,https://cuve-expert.fr/blog/trouver-gnr-pompe-guide/,1.2241215705871582,1,,False,assigned
tracteur de marque francaise,https://cuve-expert.fr/blog/quelles-sont-les-marques-de-tracteurs-francais/,1.1154999732971191,0,,False,assigned
fioul tracteur,https://cuve-expert.fr/blog/comment-decolorer-du-fioul-rouge-pour-quil-devienne-gasoil/,1.3891429901123047,1,,False,assigned
schéma pompe de relevage,https://cuve-expert.fr/blog/pompe-surface-fonctionnement-avantages/,2.639009475708008,1,,False,assigned
comment installer une pompe de relevage pour machine à laver,https://cuve-expert.fr/blog/pompe-relevage-machine-laver/,2.552445411682129,1,,False,assigned
nettoyage cuve eau de pluie enterrée,https://cuve-expert.fr/blog/recuperateur-eau-fonctionnement/,2.754824638366699,1,,False,assigned
comment augmenter pression eau,https://cuve-expert.fr/blog/augmenter-pression-eau/,3.279385805130005,0,,False,assigned
quel carburant pour un tracteur agricole pour un particulier,https://cuve-expert.fr/blog/quelles-sont-les-marques-de-tracteurs-francais/,2.5431971549987793,1,,False,assigned
surpresseur qui se déclenche tout le temps,https://cuve-expert.fr/blog/surpresseur-arret-ou-demarre-trop-rapidement/,1.110334873199463,0,,False,assigned
comment installer une pompe de relevage dans un sous-sol,https://cuve-expert.fr/blog/installer-pompe-relevage/,2.7287044525146484,1,,False,assigned
pompe de relevage panne,https://cuve-expert.fr/blog/pompe-surface-fonctionnement-avantages/,1.9328817129135132,1,,False,assigned
comment fonctionne un surpresseur,https://cuve-expert.fr/blog/pompe-surface-fonctionnement-avantages/,2.0054752826690674,1,,False,assigned
pompe de relevage sous-sol,https://cuve-expert.fr/blog/pompe-immergee-outil-extraire-eaux-souterraines/,2.1887736320495605,3,,False,assigned
pompe gnr autour de moi,https://cuve-expert.fr/blog/guide-pompe-relevage/,1.359784483909607,1,,False,assigned
marque tracteur francais,https://cuve-expert.fr/blog/legal-recuperer-eau-pluviale/,1.1323704719543457,0,,False,assigned
relais thermique,https://cuve-expert.fr/blog/transport-adr-et-stockage-adblue/,2.64528226852417,2,,False,assigned
réserve adblue camion combien de km,https://cuve-expert.fr/blog/category/gestion-de-ladblue/,2.076457977294922,0,,False,assigned
rouler au rouge astuce,https://cuve-expert.fr/blog/installation-pompe-surface/,1.3279987573623657,2,,False,assigned
carte station gnr,https://cuve-expert.fr/blog/trouver-gnr-pompe-guide/,1.8222770690917969,1,,False,assigned
relai thermique,https://cuve-expert.fr/blog/transport-adr-et-stockage-adblue/,2.572464942932129,2,,False,assigned
reglage pression surpresseur,https://cuve-expert.fr/blog/regler-surpresseur-facilement/,2.4970598220825195,2,,False,assigned
role relais thermique,https://cuve-expert.fr/blog/relais-thermiques/,2.393120765686035,1,,False,assigned
relais thermiques,https://cuve-expert.fr/blog/transport-adr-et-stockage-adblue/,2.4855403900146484,2,,False,assigned
comment installer une pompe de relevage dans un sous sol,https://cuve-expert.fr/blog/installer-pompe-relevage/,2.484421968460083,1,,False,assigned
relais thermique fonctionnement,https://cuve-expert.fr/blog/transport-adr-et-stockage-adblue/,2.337944746017456,2,,False,assigned
marque francaise de tracteur,https://cuve-expert.fr/blog/quelles-sont-les-marques-de-tracteurs-francais/,1.0048869848251343,1,,False,assigned
schema installation pompe de surface,https://cuve-expert.fr/blog/solution-problemes-aspiration-pompe-surface-et-pompe-surpresseur/,2.7184104919433594,1,,False,assigned
schéma installation pompe de surface,https://cuve-expert.fr/blog/solution-problemes-aspiration-pompe-surface-et-pompe-surpresseur/,3.0169196128845215,1,,False,assigned
gnr station,https://cuve-expert.fr/blog/trouver-gnr-pompe-guide/,2.321972131729126,1,,False,assigned
rouler au gnr,https://cuve-expert.fr/blog/raccords-plomberie/,1.1959409713745117,0,,False,assigned
cuve fioul enterrée durée vie,https://cuve-expert.fr/blog/quelle-est-la-duree-de-vie-dune-cuve-de-stockage-fuel-gazoil-gnr/,1.7246233224868774,1,,False,assigned
marque de tracteur français,https://cuve-expert.fr/blog/quelles-sont-les-marques-de-tracteurs-francais/,0.8285249471664429,1,,False,assigned
fonctionnement surpresseur,https://cuve-expert.fr/blog/pompe-surface-fonctionnement-avantages/,1.3886518478393555,1,,False,assigned
surpresseur eau fonctionnement,https://cuve-expert.fr/blog/faire-durer-pompe-relevage/,2.4121294021606445,1,,False,assigned
sous sol inondé que faire,https://cuve-expert.fr/blog/vider-maison-inondation/,1.3250346183776855,1,,False,assigned
relais thermique role,https://cuve-expert.fr/blog/relais-thermiques/,2.4223384857177734,1,,False,assigned
tracteurs français,https://cuve-expert.fr/blog/quelles-sont-les-marques-de-tracteurs-francais/,2.2128820419311523,1,,False,assigned
voyant adblue combien de km,https://cuve-expert.fr/blog/alerte-adblue/,1.792499303817749,2,,False,assigned
tracteur agricole francais,https://cuve-expert.fr/blog/quelles-sont-les-marques-de-tracteurs-francais/,1.9047808647155762,1,,False,assigned
surpresseur reglage,https://cuve-expert.fr/blog/installation-pompe-surface/,1.3113235235214233,2,,False,assigned
stockage carburant,https://cuve-expert.fr/blog/comment-stocker-du-carburant/,3.661526918411255,0,,False,assigned
tracteur français marque,https://cuve-expert.fr/blog/quelles-sont-les-marques-de-tracteurs-francais/,0.8864413499832153,1,,False,assigned
remplacer adblue par eau déminéralisée,https://cuve-expert.fr/blog/tva-adblue/,2.26033353805542,1,,False,assigned
comment augmenter la pression d eau,https://cuve-expert.fr/blog/augmenter-pression-eau/,3.2193992137908936,0,,False,assigned
réglage pression surpresseur,https://cuve-expert.fr/blog/guide-choisir-surpresseur/,2.3380446434020996,2,,False,assigned
pression d eau maison,https://cuve-expert.fr/blog/pression-sanitaire-habitation/,3.600923538208008,1,,False,assigned
a quoi sert le relais thermique,https://cuve-expert.fr/blog/relais-thermiques/,1.62955904006958,1,,False,assigned
pompe de relevage schema,https://cuve-expert.fr/blog/pompe-surface-fonctionnement-avantages/,1.9687191247940063,1,,False,assigned
augmenter la pression d'eau,https://cuve-expert.fr/blog/pression-sanitaire-habitation/,3.1822962760925293,1,,False,assigned
role d'un relais thermique,https://cuve-expert.fr/blog/relais-thermiques/,2.398761749267578,1,,False,assigned
pompe de relevage probleme,https://cuve-expert.fr/blog/pompe-relevage-ne-pompe-pas/,2.5123021602630615,1,,False,assigned
symptôme circulateur chaudière hs,https://cuve-expert.fr/blog/pompe-surpresseur-non-arret-automatique/,1.3460613489151,1,,False,assigned
peut on récupérer l'eau de pluie,https://cuve-expert.fr/blog/recuperateur-eau-hiver/,2.627155065536499,1,,False,assigned
station service gnr,https://cuve-expert.fr/blog/trouver-gnr-pompe-guide/,2.6878433227539062,1,,False,assigned
panne pompe de relevage,https://cuve-expert.fr/blog/pompe-surface-fonctionnement-avantages/,2.0373008251190186,1,,False,assigned
pression d'eau dans une maison,https://cuve-expert.fr/blog/pression-sanitaire-habitation/,3.592649221420288,1,,False,assigned
ou acheter du gnr,https://cuve-expert.fr/blog/comment-raccorder-deux-cuves-a-fioul-gazoil-gnr/,0.7617998123168945,1,,False,assigned
calcul hmt,https://cuve-expert.fr/blog/pompe-surface-fonctionnement-avantages/,1.7628273963928223,2,,False,assigned
pompe a eau tourne mais n'aspire pas,https://cuve-expert.fr/blog/pompe-relevage-ne-pompe-pas/,2.4861268997192383,1,,False,assigned
station service gnr autour de moi,https://cuve-expert.fr/blog/trouver-gnr-pompe-guide/,1.332005262374878,1,,False,assigned
quel pression eau maison,https://cuve-expert.fr/blog/pression-sanitaire-habitation/,3.541522979736328,1,,False,assigned
pression eau maison,https://cuve-expert.fr/blog/pression-sanitaire-habitation/,3.537785291671753,1,,False,assigned
pression eau dans une maison,https://cuve-expert.fr/blog/pression-sanitaire-habitation/,3.516543388366699,1,,False,assigned
tracteur agricole français,https://cuve-expert.fr/blog/quelles-sont-les-marques-de-tracteurs-francais/,2.0968942642211914,1,,False,assigned
pression surpresseur,https://cuve-expert.fr/blog/regler-surpresseur-facilement/,2.6029052734375,2,,False,assigned
station gnr autour de moi,https://cuve-expert.fr/blog/problemes-aspiration-pompe-eau/,0.834636926651001,0,,False,assigned
augmenter pression d'eau insuffisante,https://cuve-expert.fr/blog/pompe-eau-dimension/,3.0896687507629395,1,,False,assigned
peut on laisser une pompe vide cave dans l'eau,https://cuve-expert.fr/blog/vider-piscine-pompe-vide-cave/,2.6992580890655518,1,,False,assigned
fonctionnement pompe de relevage eaux usées,https://cuve-expert.fr/blog/faire-durer-pompe-relevage/,1.8658292293548584,1,,False,assigned
fonctionnement pompe eau,https://cuve-expert.fr/blog/faire-durer-pompe-relevage/,2.965243101119995,1,,False,assigned
fonctionnement pompe de relevage eaux pluviales,https://cuve-expert.fr/blog/pompe-relevage-eau-pluviale/,2.374727725982666,1,,False,assigned
adblue combien de kilometre,https://cuve-expert.fr/blog/category/gestion-de-ladblue/,1.562744140625,0,,False,assigned
contrôle réglementaire cuve fioul,https://cuve-expert.fr/blog/legal-recuperer-eau-pluviale/,1.996950626373291,2,,False,assigned
pompe vider piscine,https://cuve-expert.fr/blog/vider-piscine-pompe-vide-cave/,3.02280330657959,2,,False,assigned
vidange cuve fuel,https://cuve-expert.fr/blog/comment-installer-une-cuve-a-fuel-gazoil-gnr/,2.8514485359191895,1,,False,assigned
pression d'eau maison,https://cuve-expert.fr/blog/pression-sanitaire-habitation/,3.6047675609588623,1,,False,assigned
a quoi sert un surpresseur,https://cuve-expert.fr/blog/comment-degazer-sa-cuve-a-fuel-gazoil-gnr/,1.0641424655914307,1,,False,assigned
carburant tracteur,https://cuve-expert.fr/blog/rouler-gnr/,3.4531874656677246,1,,False,assigned
tracteur fabriqué en france,https://cuve-expert.fr/blog/quelles-sont-les-marques-de-tracteurs-francais/,1.9093608856201172,0,,False,assigned
où trouver du gnr autour de moi,https://cuve-expert.fr/blog/trouver-gnr-pompe-guide/,0.7685503959655762,0,,False,assigned
pompe de relevage en panne,https://cuve-expert.fr/blog/pompe-surface-fonctionnement-avantages/,1.9237980842590332,1,,False,assigned
pression eau maison 2 bars,https://cuve-expert.fr/blog/calcul-hauteur-manometrique-pompe-eau/,2.8810644149780273,2,,False,assigned
pompe de relevage sous sol,https://cuve-expert.fr/blog/pompe-surface-fonctionnement-avantages/,2.0372304916381836,1,,False,assigned
cave inondée que faire,https://cuve-expert.fr/blog/installer-cuve-eau/,1.361457347869873,1,,False,assigned
entretien de pompe de relevage,https://cuve-expert.fr/blog/depanner-remplacer-interrupteur-flotteur/,2.1738827228546143,1,,False,assigned
station gnr,https://cuve-expert.fr/blog/trouver-gnr-pompe-guide/,2.2518153190612793,1,,False,assigned
fonctionnement pompe a eau,https://cuve-expert.fr/blog/pompe-relevage-eau-pluviale/,3.0446107387542725,1,,False,assigned
quelle pression eau maison,https://cuve-expert.fr/blog/pression-sanitaire-habitation/,3.550463914871216,1,,False,assigned
un surpresseur,https://cuve-expert.fr/blog/guide-pompe-relevage/,1.2076737880706787,1,,False,assigned
adblue camion,https://cuve-expert.fr/blog/category/gestion-de-ladblue/,2.577394962310791,0,,False,assigned
nettoyer pompe de relevage,https://cuve-expert.fr/blog/comment-degazer-sa-cuve-a-fuel-gazoil-gnr/,2.2250280380249023,1,,False,assigned
nettoyage pompe de relevage,https://cuve-expert.fr/blog/depanner-remplacer-interrupteur-flotteur/,2.227175712585449,1,,False,assigned
comment nettoyer une pompe de relevage,https://cuve-expert.fr/blog/comment-degazer-sa-cuve-a-fuel-gazoil-gnr/,2.590322971343994,1,,False,assigned
schéma récupération eau de pluie pour wc,https://cuve-expert.fr/blog/recuperation-eau-pluie-wc-guide-ecologique-economique/,3.017637014389038,1,,False,assigned
type de raccord plomberie,https://cuve-expert.fr/blog/comment-degazer-sa-cuve-a-fuel-gazoil-gnr/,2.732750415802002,1,,False,assigned
pompe de relevage eaux usées fonctionnement,https://cuve-expert.fr/blog/faire-durer-pompe-relevage/,2.5287508964538574,1,,False,assigned
fioul tracteur,https://cuve-expert.fr/blog/comment-decolorer-du-fioul-rouge-pour-quil-devienne-gasoil/,1.3891429901123047,1,,False,assigned
inondation sous sol que faire,https://cuve-expert.fr/blog/cave-inondee-vider-sous-sol/,2.5984601974487305,1,,False,assigned
produit nettoyage pompe de relevage,https://cuve-expert.fr/blog/comment-degazer-sa-cuve-a-fuel-gazoil-gnr/,2.053194999694824,1,,False,assigned
nettoyer une pompe de relevage,https://cuve-expert.fr/blog/comment-degazer-sa-cuve-a-fuel-gazoil-gnr/,2.3414363861083984,1,,False,assigned
pourquoi mon surpresseur ne tient pas la pression,https://cuve-expert.fr/blog/pompe-surpresseur-non-arret-automatique/,2.0655832290649414,1,,False,assigned
comment régler la pression d'eau,https://cuve-expert.fr/blog/pression-sanitaire-habitation/,3.111264228820801,2,,False,assigned
adblue tous les combien de km,https://cuve-expert.fr/blog/alerte-adblue/,1.568450689315796,2,,False,assigned
problème pompe à eau maison,https://cuve-expert.fr/blog/faire-durer-pompe-relevage/,2.9700303077697754,1,,False,assigned
voyant adblue fiat ducato combien de km,https://cuve-expert.fr/blog/category/gestion-de-ladblue/,1.3676890134811401,0,,False,assigned
adblue combien de km,https://cuve-expert.fr/blog/category/gestion-de-ladblue/,1.6683120727539062,0,,False,assigned
a quoi sert une pompe de relevage,https://cuve-expert.fr/blog/pompe-surface-fonctionnement-avantages/,1.3840337991714478,1,,False,assigned
station service délivrant du fioul à la pompe,https://cuve-expert.fr/blog/distributeur-gazole-poids-lourds/,2.0580248832702637,1,,False,assigned
relais de protection thermique,https://cuve-expert.fr/blog/relais-thermiques/,2.4016027450561523,1,,False,assigned
comment vider l'eau d'une cave sans pompe,https://cuve-expert.fr/blog/vider-piscine-pompe-vide-cave/,2.858090877532959,1,,False,assigned
installer pompe de relevage,https://cuve-expert.fr/blog/fonctionnement-pompe-surpresseur/,2.0238659381866455,2,,False,assigned
ma pompe à eau tourne tout le temps,https://cuve-expert.fr/blog/faire-durer-pompe-relevage/,2.1804118156433105,1,,False,assigned
vider cuve fioul,https://cuve-expert.fr/blog/fixer-recuperateur-eau-pluie/,0.9922332763671875,2,,False,assigned
eau dans une cave,https://cuve-expert.fr/blog/differences-pompe-d-arrosage-et-pompe-eau/,2.502730369567871,1,,False,assigned
kit fixation recuperateur d'eau,https://cuve-expert.fr/blog/vider-piscine-pompe-vide-cave/,2.3339896202087402,3,,False,assigned
recuperation tva sur essence,https://cuve-expert.fr/blog/installer-cuve-eau/,1.4669835567474365,1,,False,assigned
pompe de relevage machine a laver,https://cuve-expert.fr/blog/pompe-relevage-machine-laver/,2.931774616241455,1,,False,assigned
pompe de relevage machine à laver,https://cuve-expert.fr/blog/pompe-relevage-machine-laver/,2.850557804107666,1,,False,assigned
fonctionnement pompe à eau,https://cuve-expert.fr/blog/faire-durer-pompe-relevage/,2.658381938934326,1,,False,assigned
inondation cave,https://cuve-expert.fr/blog/cave-inondee-vider-sous-sol/,3.4711971282958984,1,,False,assigned
pompe de relevage pour lave linge,https://cuve-expert.fr/blog/pompe-relevage-machine-laver/,2.1383726596832275,1,,False,assigned
réparer flotteur pompe de relevage,https://cuve-expert.fr/blog/pompe-surpresseur-non-arret-automatique/,2.1648523807525635,2,,False,assigned
marques de tracteurs,https://cuve-expert.fr/blog/quelles-sont-les-marques-de-tracteurs-francais/,2.1612656116485596,1,,False,assigned
réserve adblue renault t combien de km,https://cuve-expert.fr/blog/alerte-adblue/,1.5560624599456787,3,,False,assigned
hauteur manométrique,https://cuve-expert.fr/blog/pompe-surface-fonctionnement-avantages/,1.7752227783203125,2,,False,assigned
nettoyage cuve,https://cuve-expert.fr/blog/comment-degazer-sa-cuve-a-fuel-gazoil-gnr/,3.0037484169006348,1,,False,assigned
pompe à eau qui tourne à vide,https://cuve-expert.fr/blog/faire-durer-pompe-relevage/,2.6247897148132324,1,,False,assigned
pompe de relevage pour machine à laver,https://cuve-expert.fr/blog/pompe-relevage-machine-laver/,2.7073512077331543,1,,False,assigned
pompe relevage lave linge,https://cuve-expert.fr/blog/pompe-surface-fonctionnement-avantages/,2.1284735202789307,1,,False,assigned
comment fonctionne une pompe à eau,https://cuve-expert.fr/blog/faire-durer-pompe-relevage/,3.585151433944702,1,,False,assigned
récupération tva essence,https://cuve-expert.fr/blog/installer-cuve-eau/,1.4258509874343872,1,,False,assigned
pompe de relevage pour machine a laver,https://cuve-expert.fr/blog/pompe-relevage-machine-laver/,2.5476598739624023,1,,False,assigned
composant adblue,https://cuve-expert.fr/blog/adblue-moteur-tracteur/,2.4671223163604736,2,,False,assigned
cave inondée nappe phréatique,https://cuve-expert.fr/blog/probleme-cave/,2.0412447452545166,1,,False,assigned
cave inondée,https://cuve-expert.fr/blog/comment-stocker-du-carburant/,2.3488595485687256,1,,False,assigned
marque de tracteurs agricoles,https://cuve-expert.fr/blog/quelles-sont-les-marques-de-tracteurs-francais/,2.4380416870117188,1,,False,assigned
stockage carburant réglementation,https://cuve-expert.fr/blog/comment-stocker-du-carburant/,3.6346757411956787,0,,False,assigned
gnr dans voiture diesel,https://cuve-expert.fr/blog/choisir-cuve-adblue/,2.2602405548095703,4,,False,assigned
comment avoir plus de pression dans la douche,https://cuve-expert.fr/blog/pression-sanitaire-habitation/,2.684511184692383,1,,False,assigned
pompe de relevage pour machine à laver en sous-sol,https://cuve-expert.fr/blog/pompe-relevage-machine-laver/,3.069794178009033,1,,False,assigned
pompe a eau demarre et s'arrete,https://cuve-expert.fr/blog/pompe-relevage-eau-pluviale/,2.4655256271362305,1,,False,assigned
adblue tous les combien de kilomètres,https://cuve-expert.fr/blog/alerte-adblue/,1.7132689952850342,2,,False,assigned
pompe relevage machine à laver,https://cuve-expert.fr/blog/pompe-relevage-machine-laver/,3.0382471084594727,1,,False,assigned
produit nettoyant pompe de relevage,https://cuve-expert.fr/blog/comment-degazer-sa-cuve-a-fuel-gazoil-gnr/,1.9878478050231934,1,,False,assigned
recuperateur eau de pluie resistant au gel,https://cuve-expert.fr/blog/recuperateur-eau-hiver/,2.7289528846740723,1,,False,assigned
vidange cuve fioul,https://cuve-expert.fr/blog/combien-coute-cuve-a-eau/,1.3622198104858398,3,,False,assigned
pompe pour vider piscine,https://cuve-expert.fr/blog/vider-piscine-pompe-vide-cave/,2.8809351921081543,2,,False,assigned
pompe de relevage pour machine à laver en sous sol,https://cuve-expert.fr/blog/pompe-relevage-machine-laver/,2.7996926307678223,1,,False,assigned
recuperer eau de pluie,https://cuve-expert.fr/blog/recuperateur-eau-hiver/,3.097938060760498,1,,False,assigned
pompe de relevage lave linge,https://cuve-expert.fr/blog/pompe-surface-fonctionnement-avantages/,2.043044328689575,1,,False,assigned
comment installer une pompe de relevage,https://cuve-expert.fr/blog/fonctionnement-pompe-surpresseur/,2.4241952896118164,2,,False,assigned
event cuve fioul norme,https://cuve-expert.fr/blog/declarer-achat-citerne-eau/,1.2003892660140991,1,,False,assigned
cave inondée que faire,https://cuve-expert.fr/blog/installer-cuve-eau/,1.361457347869873,1,,False,assigned
reparer flotteur pompe de relevage,https://cuve-expert.fr/blog/installation-pompe-surface/,2.1756644248962402,2,,False,assigned
récupérer de l'eau de pluie,https://cuve-expert.fr/blog/recuperateur-eau-hiver/,2.317699432373047,1,,False,assigned
pompe de relevage pour sous sol,https://cuve-expert.fr/blog/pompe-surface-fonctionnement-avantages/,1.8261771202087402,1,,False,assigned
eau dans la cave nappe phréatique,https://cuve-expert.fr/blog/differences-pompe-d-arrosage-et-pompe-eau/,2.1557044982910156,1,,False,assigned
combien de km avec adblue,https://cuve-expert.fr/blog/alerte-adblue/,1.1977797746658325,2,,False,assigned
réglage pression vessie surpresseur,https://cuve-expert.fr/blog/guide-choisir-surpresseur/,2.06876277923584,2,,False,assigned
vide sanitaire inondé,https://cuve-expert.fr/blog/probleme-cave/,1.500293493270874,1,,False,assigned
tracteur carburant,https://cuve-expert.fr/blog/rouler-gnr/,3.4255573749542236,1,,False,assigned
hmt pompe,https://cuve-expert.fr/blog/pompe-surface-fonctionnement-avantages/,2.3784422874450684,1,,False,assigned
installer un recuperateur d eau,https://cuve-expert.fr/blog/calculer-volume-cuve/,2.2147886753082275,4,,False,assigned
vidange cuve à fioul,https://cuve-expert.fr/blog/installer-cuve-eau/,1.6396266222000122,2,,False,assigned
augmenter la pression d eau douche,https://cuve-expert.fr/blog/fonctionnement-pompe-surpresseur/,3.114631414413452,1,,False,assigned
hauteur manometrique totale,https://cuve-expert.fr/blog/pompe-surface-fonctionnement-avantages/,2.3999619483947754,2,,False,assigned
inondation sous sol quoi faire,https://cuve-expert.fr/blog/cave-inondee-vider-sous-sol/,2.8006153106689453,1,,False,assigned
augmenter la pression d'eau douche,https://cuve-expert.fr/blog/pression-sanitaire-habitation/,3.1234564781188965,1,,False,assigned
difference adblue 22241 et 22241-1,https://cuve-expert.fr/blog/adblue-moteur-tracteur/,1.7591513395309448,2,,False,assigned
surpresseur qui se déclenche tout le temps,https://cuve-expert.fr/blog/surpresseur-arret-ou-demarre-trop-rapidement/,1.110334873199463,0,,False,assigned
récupérer l'eau de pluie,https://cuve-expert.fr/blog/recuperateur-eau-hiver/,2.5337905883789062,1,,False,assigned
hauteur manométrique totale,https://cuve-expert.fr/blog/pompe-surface-fonctionnement-avantages/,2.3527579307556152,2,,False,assigned
relais thermique symbole,https://cuve-expert.fr/blog/transport-adr-et-stockage-adblue/,2.3753366470336914,2,,False,assigned
inondation sous-sol quoi faire,https://cuve-expert.fr/blog/cave-inondee-vider-sous-sol/,2.992293357849121,1,,False,assigned
comment augmenter la pression d'eau sans surpresseur,https://cuve-expert.fr/blog/pression-sanitaire-habitation/,2.985527515411377,2,,False,assigned
recuperer tva carburant,https://cuve-expert.fr/blog/comment-raccorder-deux-cuves-a-fioul-gazoil-gnr/,2.123640775680542,1,,False,assigned
problème surpresseur marche par à coup,https://cuve-expert.fr/blog/surpresseur-arret-ou-demarre-trop-rapidement/,1.4845175743103027,1,,False,assigned
surpresseur pour augmenter la pression d eau,https://cuve-expert.fr/blog/pression-sanitaire-habitation/,2.579204559326172,2,,False,assigned
récupération tva sur essence,https://cuve-expert.fr/blog/installer-cuve-eau/,1.2354601621627808,1,,False,assigned
schema recuperation eau de pluie pour wc,https://cuve-expert.fr/blog/recuperation-eau-pluie-wc-guide-ecologique-economique/,3.109574317932129,1,,False,assigned
comment fonctionne une pompe,https://cuve-expert.fr/blog/pompe-surface-fonctionnement-avantages/,3.679792881011963,1,,False,assigned
remplacer adblue par urine,https://cuve-expert.fr/blog/adblue-moteur-tracteur/,1.7793761491775513,2,,False,assigned
réglementation cuve fioul intérieur,https://cuve-expert.fr/blog/declarer-achat-citerne-eau/,1.7320775985717773,1,,False,assigned
fonction pompe de relevage,https://cuve-expert.fr/blog/pompe-surface-fonctionnement-avantages/,2.3227272033691406,1,,False,assigned
pourquoi ma pompe à eau ne monte pas en pression,https://cuve-expert.fr/blog/faire-durer-pompe-relevage/,3.01961612701416,1,,False,assigned
adblue tous les combien,https://cuve-expert.fr/blog/remplacer-adblue/,1.4961795806884766,2,,False,assigned
vide sanitaire cave,https://cuve-expert.fr/blog/probleme-cave/,1.4220503568649292,1,,False,assigned
récupération eau de pluie réglementation,https://cuve-expert.fr/blog/legal-recuperer-eau-pluviale/,3.0170247554779053,1,,False,assigned
gasoil gnr dans voiture,https://cuve-expert.fr/blog/choisir-cuve-adblue/,2.062121868133545,4,,False,assigned
hauteur manométrique pompe,https://cuve-expert.fr/blog/calcul-hauteur-manometrique-pompe-eau/,2.6852493286132812,2,,False,assigned
gnr autour de moi,https://cuve-expert.fr/blog/problemes-aspiration-pompe-eau/,0.7816153764724731,0,,False,assigned
marque de tracteur,https://cuve-expert.fr/blog/quelles-sont-les-marques-de-tracteurs-francais/,1.322736144065857,1,,False,assigned
pompe puit surpresseur,https://cuve-expert.fr/blog/pompe-surface-fonctionnement-avantages/,2.651944637298584,1,,False,assigned
adblue voyant,https://cuve-expert.fr/blog/adblue-moteur-tracteur/,2.037832021713257,2,,False,assigned
prix adblue en station,https://cuve-expert.fr/blog/remplacer-adblue/,1.6179159879684448,2,,False,assigned
déduction tva essence,https://cuve-expert.fr/blog/la-composition-de-adblue/,1.0914158821105957,2,,False,assigned
pompage vide sanitaire,https://cuve-expert.fr/blog/pompe-relevage-machine-laver/,3.1613988876342773,1,,False,assigned
récupération eau de pluie wc,https://cuve-expert.fr/blog/recuperation-eau-pluie-wc-guide-ecologique-economique/,2.8190526962280273,1,,False,assigned
tva carburant recuperable,https://cuve-expert.fr/blog/choisir-cuve-adblue/,2.207825183868408,4,,False,assigned
combien de temps peut-on rouler sans adblue,https://cuve-expert.fr/blog/alerte-adblue/,1.5433175563812256,2,,False,assigned
installer une pompe de relevage,https://cuve-expert.fr/blog/installation-pompe-surface/,2.034475088119507,2,,False,assigned
urée faible voiture,https://cuve-expert.fr/blog/comment-raccorder-deux-cuves-a-fioul-gazoil-gnr/,1.2216078042984009,1,,False,assigned
pompe vidange piscine,https://cuve-expert.fr/blog/vider-piscine-pompe-vide-cave/,2.8578829765319824,2,,False,assigned
surpresseur pour augmenter la pression d'eau,https://cuve-expert.fr/blog/pression-sanitaire-habitation/,2.6391241550445557,2,,False,assigned
adblue urine,https://cuve-expert.fr/blog/consommation-adblue-poids-lourds/,1.8074321746826172,1,,False,assigned
eau de pluie toilettes,https://cuve-expert.fr/blog/recuperation-eau-pluie-wc-guide-ecologique-economique/,2.9263644218444824,1,,False,assigned
remontée nappe phréatique cave,https://cuve-expert.fr/blog/pompe-immergee-outil-extraire-eaux-souterraines/,1.1918106079101562,0,,False,assigned
eau dans la cave,https://cuve-expert.fr/blog/differences-pompe-d-arrosage-et-pompe-eau/,2.3338472843170166,1,,False,assigned
pressostat surpresseur reglage,https://cuve-expert.fr/blog/regler-surpresseur-facilement/,1.4133274555206299,2,,False,assigned
pompe avec surpresseur pour puit,https://cuve-expert.fr/blog/pompe-surface-fonctionnement-avantages/,2.3310141563415527,1,,False,assigned
pompe qui aspire l'eau,https://cuve-expert.fr/blog/pompe-relevage-eau-pluviale/,2.8015735149383545,1,,False,assigned
fabricant de tracteurs,https://cuve-expert.fr/blog/quelles-sont-les-marques-de-tracteurs-francais/,2.850436210632324,1,,False,assigned
duree de vie vessie surpresseur,https://cuve-expert.fr/blog/alerte-adblue/,0.9414359331130981,3,,False,assigned
gnr dans voiture,https://cuve-expert.fr/blog/comment-decolorer-du-fioul-rouge-pour-quil-devienne-gasoil/,1.1029155254364014,1,,False,assigned
pompe de puit avec surpresseur,https://cuve-expert.fr/blog/pompe-surface-fonctionnement-avantages/,2.445343494415283,1,,False,assigned
comment augmenter la pression de la douche,https://cuve-expert.fr/blog/pression-sanitaire-habitation/,2.815061569213867,1,,False,assigned
d'ou vient l'urée de l'adblue,https://cuve-expert.fr/blog/remplacer-adblue/,1.0887243747711182,2,,False,assigned
recuperateur d'eau de pluie resistant au gel,https://cuve-expert.fr/blog/recuperateur-eau-hiver/,2.7182414531707764,1,,False,assigned
recuperation tva essence,https://cuve-expert.fr/blog/installer-cuve-eau/,1.5407798290252686,1,,False,assigned
pompe de relevage drainage,https://cuve-expert.fr/blog/puiser-eau-canal-fosse/,2.695175886154175,1,,False,assigned
installation de pompe de relevage,https://cuve-expert.fr/blog/pompe-relevage-outil-drainage/,2.170914888381958,3,,False,assigned
pompe vide piscine,https://cuve-expert.fr/blog/vider-piscine-pompe-vide-cave/,3.28790020942688,2,,False,assigned
récupération tva carburant,https://cuve-expert.fr/blog/enlevement-cuve-a-fioul-gazoil-gnr-cout-aides-comment-faire/,2.1888980865478516,1,,False,assigned
quel surpresseur choisir pour une maison,https://cuve-expert.fr/blog/choisir-cuve-eau/,1.2607884407043457,2,,False,assigned
difference adblue 22241 et 22241 1,https://cuve-expert.fr/blog/adblue-moteur-tracteur/,1.856294870376587,2,,False,assigned
contacteur thermique,https://cuve-expert.fr/blog/relais-thermiques/,2.7126975059509277,1,,False,assigned
adblue camioane,https://cuve-expert.fr/blog/category/gestion-de-ladblue/,2.543745994567871,0,,False,assigned
prix litre adblue,https://cuve-expert.fr/blog/prix-adblue/,2.8042216300964355,1,,False,assigned
recuperateur d eau de pluie resistant au gel,https://cuve-expert.fr/blog/recuperateur-eau-hiver/,2.602191925048828,1,,False,assigned
contrôle réglementaire cuve fioul,https://cuve-expert.fr/blog/legal-recuperer-eau-pluviale/,1.996950626373291,2,,False,assigned
protection thermique moteur,https://cuve-expert.fr/blog/pompe-surpresseur-non-arret-automatique/,2.926863670349121,2,,False,assigned
pompe de relevage en panne qui appeler,https://cuve-expert.fr/blog/pompe-surface-fonctionnement-avantages/,1.7276663780212402,1,,False,assigned
ou trouver du fioul domestique en station service,https://cuve-expert.fr/blog/trouver-gnr-pompe-guide/,0.8926995396614075,1,,False,assigned
reglage pression vessie surpresseur,https://cuve-expert.fr/blog/regler-surpresseur-facilement/,2.216310977935791,2,,False,assigned
eau de pluie traitement,https://cuve-expert.fr/blog/legal-recuperer-eau-pluviale/,2.969540596008301,1,,False,assigned
pompe de relevage fonction,https://cuve-expert.fr/blog/pompe-surface-fonctionnement-avantages/,2.3165876865386963,1,,False,assigned
vide cave piscine,https://cuve-expert.fr/blog/vider-piscine-pompe-vide-cave/,2.436199903488159,0,,False,assigned
vide piscine,https://cuve-expert.fr/blog/cave-inondee-vider-sous-sol/,2.084135055541992,2,,False,assigned
norme cuve fioul,https://cuve-expert.fr/blog/declarer-achat-citerne-eau/,1.038263201713562,1,,False,assigned
réglementation récupération eau de pluie,https://cuve-expert.fr/blog/legal-recuperer-eau-pluviale/,3.2342872619628906,1,,False,assigned
installation cuve fioul,https://cuve-expert.fr/blog/author/anthony/page/3/,1.159537434577942,0,,False,assigned
achat gnr particulier,https://cuve-expert.fr/blog/trouver-gnr-pompe-guide/,1.0844765901565552,2,,False,assigned
pompe aspirer eau,https://cuve-expert.fr/blog/pompe-relevage-eau-pluviale/,2.7813327312469482,1,,False,assigned
prix au litre adblue,https://cuve-expert.fr/blog/prix-adblue/,2.0189926624298096,1,,False,assigned
toilette eau de pluie,https://cuve-expert.fr/blog/recuperation-eau-pluie-wc-guide-ecologique-economique/,2.6917545795440674,1,,False,assigned
surpresseur pompe puit,https://cuve-expert.fr/blog/pompe-surface-fonctionnement-avantages/,2.7320637702941895,1,,False,assigned
pompe vide sanitaire,https://cuve-expert.fr/blog/pompe-relevage-machine-laver/,2.8536019325256348,1,,False,assigned
qu'est ce qu'une pompe de relevage,https://cuve-expert.fr/blog/pompe-surface-fonctionnement-avantages/,1.5255826711654663,1,,False,assigned
prix du litre adblue,https://cuve-expert.fr/blog/prix-adblue/,1.9386264085769653,1,,False,assigned
pression eau faible,https://cuve-expert.fr/blog/pression-sanitaire-habitation/,3.2609760761260986,1,,False,assigned
pompe vide cave installation,https://cuve-expert.fr/blog/guide-complet-pompes-vide-cave/,2.7951889038085938,0,,False,assigned
pompe de surpression,https://cuve-expert.fr/blog/pompe-surface-fonctionnement-avantages/,1.947514533996582,1,,False,assigned
réserve adblue camion combien de km,https://cuve-expert.fr/blog/category/gestion-de-ladblue/,2.076457977294922,0,,False,assigned
pompe de relevage vide sanitaire,https://cuve-expert.fr/blog/pompe-relevage-machine-laver/,2.3390696048736572,1,,False,assigned
gasoil blanc,https://cuve-expert.fr/blog/rouler-gnr/,2.0377466678619385,1,,False,assigned
ma pompe ne démarre pas automatiquement,https://cuve-expert.fr/blog/pompe-surpresseur-non-arret-automatique/,2.466313362121582,1,,False,assigned
pompe pour vidanger une piscine,https://cuve-expert.fr/blog/vider-piscine-pompe-vide-cave/,2.85286283493042,2,,False,assigned
adblue prix au litre,https://cuve-expert.fr/blog/prix-adblue/,2.17773699760437,1,,False,assigned
schema alimentation wc eau de pluie,https://cuve-expert.fr/blog/recuperation-eau-pluie-wc-guide-ecologique-economique/,2.7749786376953125,1,,False,assigned
pompe vide cave pour piscine,https://cuve-expert.fr/blog/vider-piscine-pompe-vide-cave/,3.17177414894104,1,,False,assigned
pompe de relevage entretien,https://cuve-expert.fr/blog/depanner-remplacer-interrupteur-flotteur/,2.18562912940979,1,,False,assigned
vider piscine avec pompe filtration,https://cuve-expert.fr/blog/vider-piscine-pompe-vide-cave/,3.387294292449951,3,,False,assigned
mon pressostat ne coupe pas la pompe,https://cuve-expert.fr/blog/installation-pompe-surface/,1.3441321849822998,2,,False,assigned
fonctionnement pompe de relevage eaux pluviales,https://cuve-expert.fr/blog/pompe-relevage-eau-pluviale/,2.374727725982666,1,,False,assigned
qu'est-ce qu'une pompe de relevage,https://cuve-expert.fr/blog/pompe-surface-fonctionnement-avantages/,1.5972554683685303,1,,False,assigned
pompe vider piscine avec tuyau,https://cuve-expert.fr/blog/vider-piscine-pompe-vide-cave/,3.301924705505371,2,,False,assigned
marque tracteur,https://cuve-expert.fr/blog/quelles-sont-les-marques-de-tracteurs-francais/,1.305260419845581,1,,False,assigned
pompe de relevage pour vide sanitaire,https://cuve-expert.fr/blog/pompe-relevage-machine-laver/,2.158867597579956,1,,False,assigned
marques tracteurs,https://cuve-expert.fr/blog/quelles-sont-les-marques-de-tracteurs-francais/,2.456955671310425,1,,False,assigned
urine adblue,https://cuve-expert.fr/blog/installer-pompe-relevage/,1.4987266063690186,1,,False,assigned
pompe aspire eau,https://cuve-expert.fr/blog/pompe-relevage-eau-pluviale/,2.647240400314331,1,,False,assigned
inondations maison,https://cuve-expert.fr/blog/author/anthony/page/4/,3.31156063079834,1,,False,assigned
recuperer l'eau de pluie,https://cuve-expert.fr/blog/recuperateur-eau-hiver/,3.025360345840454,1,,False,assigned
prix de adblue,https://cuve-expert.fr/blog/prix-adblue/,1.7654244899749756,1,,False,assigned
augmenter pression eau douche,https://cuve-expert.fr/blog/pression-sanitaire-habitation/,3.1197516918182373,1,,False,assigned
inondation dans la maison,https://cuve-expert.fr/blog/vider-maison-inondation/,2.9259862899780273,2,,False,assigned
recuperer l'eau de pluie pour les wc,https://cuve-expert.fr/blog/recuperation-eau-pluie-wc-guide-ecologique-economique/,3.139770030975342,1,,False,assigned
adblue fabrication,https://cuve-expert.fr/blog/la-composition-de-adblue/,2.597062349319458,2,,False,assigned
problème de pompe à eau de puit,https://cuve-expert.fr/blog/pompe-relevage-eau-pluviale/,2.65848970413208,1,,False,assigned
temoin adblue,https://cuve-expert.fr/blog/adblue-moteur-tracteur/,1.8387703895568848,2,,False,assigned
vider cave,https://cuve-expert.fr/blog/installer-cuve-eau/,1.909603476524353,2,,False,assigned
comment faire quand on a pas de pression d'eau,https://cuve-expert.fr/blog/pression-sanitaire-habitation/,2.885371685028076,2,,False,assigned
voyant ad blue,https://cuve-expert.fr/blog/tva-adblue/,2.0608654022216797,2,,False,assigned
pompe pour puit profondeur 8 m,https://cuve-expert.fr/blog/calcul-hauteur-manometrique-pompe-eau/,2.740549087524414,2,,False,assigned
debit d'eau reduit,https://cuve-expert.fr/blog/installer-cuve-eau/,2.6206400394439697,3,,False,assigned
recuperer l eau de pluie,https://cuve-expert.fr/blog/recuperateur-eau-hiver/,3.0250706672668457,1,,False,assigned
faut il fixer un recuperateur d'eau au mur,https://cuve-expert.fr/blog/installer-cuve-eau/,2.587012529373169,1,,False,assigned
quel carburant pour un tracteur agricole pour un particulier,https://cuve-expert.fr/blog/quelles-sont-les-marques-de-tracteurs-francais/,2.5431971549987793,1,,False,assigned
arrosage pompe immergée,https://cuve-expert.fr/blog/pompe-relevage-eau-pluviale/,2.599747657775879,1,,False,assigned
pompe surpresseur pour puit,https://cuve-expert.fr/blog/pompe-immergee-outil-extraire-eaux-souterraines/,2.2536559104919434,2,,False,assigned
prix de l adblue,https://cuve-expert.fr/blog/prix-adblue/,1.62320077419281,1,,False,assigned
pompe pour vide sanitaire,https://cuve-expert.fr/blog/pompe-relevage-machine-laver/,2.421260356903076,1,,False,assigned
tracteur marque,https://cuve-expert.fr/blog/quelles-sont-les-marques-de-tracteurs-francais/,1.2057945728302002,1,,False,assigned
pompe à surpression,https://cuve-expert.fr/blog/pompe-surface-fonctionnement-avantages/,1.3772590160369873,1,,False,assigned
marque tracteurs,https://cuve-expert.fr/blog/quelles-sont-les-marques-de-tracteurs-francais/,2.540701389312744,1,,False,assigned
comment gonfler un ballon surpresseur,https://cuve-expert.fr/blog/pression-sanitaire-habitation/,2.158494234085083,2,,False,assigned
durée de vie vessie surpresseur,https://cuve-expert.fr/blog/alerte-adblue/,1.3979599475860596,3,,False,assigned
combien de km en réserve poids lourd,https://cuve-expert.fr/blog/pompe-relevage-climatisation/,1.397591471672058,1,,False,assigned
prix adblue a la pompe,https://cuve-expert.fr/blog/remplacer-adblue/,2.039137840270996,2,,False,assigned
raccordement de plomberie,https://cuve-expert.fr/blog/comment-degazer-sa-cuve-a-fuel-gazoil-gnr/,2.524129629135132,1,,False,assigned
marque de tracteur agricole,https://cuve-expert.fr/blog/quelles-sont-les-marques-de-tracteurs-francais/,2.041130781173706,1,,False,assigned
prix du litre adblue à la pompe,https://cuve-expert.fr/blog/prix-adblue/,1.8152358531951904,1,,False,assigned
fonctionnement pompe eau,https://cuve-expert.fr/blog/faire-durer-pompe-relevage/,2.965243101119995,1,,False,assigned
adblue composition urine,https://cuve-expert.fr/blog/consommation-adblue-poids-lourds/,1.8761156797409058,1,,False,assigned
prix ad blue,https://cuve-expert.fr/blog/tva-adblue/,1.8634071350097656,2,,False,assigned
cuve pour pompe de puit,https://cuve-expert.fr/blog/pompe-relevage-outil-drainage/,2.575467824935913,3,,False,assigned
prix de l'adblue à la pompe,https://cuve-expert.fr/blog/prix-adblue/,1.9397039413452148,1,,False,assigned
litre adblue,https://cuve-expert.fr/blog/la-composition-de-adblue/,2.357748508453369,2,,False,assigned
pompe eau arrosage,https://cuve-expert.fr/blog/pompe-relevage-eau-pluviale/,2.9571123123168945,1,,False,assigned
eau de pluie pour wc,https://cuve-expert.fr/blog/recuperation-eau-pluie-wc-guide-ecologique-economique/,3.2407398223876953,1,,False,assigned
combien de temps peut on rouler sans adblue,https://cuve-expert.fr/blog/alerte-adblue/,1.5366790294647217,2,,False,assigned
traitement de l'eau de pluie,https://cuve-expert.fr/blog/recuperateur-eau-hiver/,2.7072877883911133,1,,False,assigned
probleme flotteur pompe de relevage,https://cuve-expert.fr/blog/pompe-relevage-ne-pompe-pas/,2.7057149410247803,1,,False,assigned
entretien des pompes de relevage,https://cuve-expert.fr/blog/installation-pompe-surface/,2.0599350929260254,2,,False,assigned
tracteurs marques,https://cuve-expert.fr/blog/quelles-sont-les-marques-de-tracteurs-francais/,2.615083694458008,1,,False,assigned
autonomie adblue,https://cuve-expert.fr/blog/choisir-cuve-adblue/,1.973642349243164,1,,False,assigned
carburant tracteur,https://cuve-expert.fr/blog/rouler-gnr/,3.4531874656677246,1,,False,assigned
prix du litre d'adblue,https://cuve-expert.fr/blog/prix-adblue/,1.9485143423080444,1,,False,assigned
pompe pour arrosage jardin,https://cuve-expert.fr/blog/pompe-relevage-eau-pluviale/,2.4699859619140625,1,,False,assigned
pompe vide cave puissante,https://cuve-expert.fr/blog/pompe-immergee-outil-extraire-eaux-souterraines/,2.662802219390869,2,,False,assigned
reglage pressostat surpresseur,https://cuve-expert.fr/blog/regler-surpresseur-facilement/,1.263242483139038,2,,False,assigned
pompe aspiration eau électrique,https://cuve-expert.fr/blog/guide-complet-pompes-vide-cave/,2.957535982131958,1,,False,assigned
pompe d'arrosage jardin,https://cuve-expert.fr/blog/choisir-cuve-eau/,2.231201410293579,2,,False,assigned
inondation cave que faire,https://cuve-expert.fr/blog/author/anthony/page/4/,2.817495107650757,1,,False,assigned
wc eau de pluie,https://cuve-expert.fr/blog/recuperation-eau-pluie-wc-guide-ecologique-economique/,2.5984482765197754,1,,False,assigned
fabrication adblue,https://cuve-expert.fr/blog/la-composition-de-adblue/,2.5321452617645264,2,,False,assigned
stocker eau de pluie,https://cuve-expert.fr/blog/recuperateur-eau-fonctionnement/,3.057185411453247,1,,False,assigned
réserve adblue renault t combien de km,https://cuve-expert.fr/blog/alerte-adblue/,1.5560624599456787,3,,False,assigned
installation pompe de relevage,https://cuve-expert.fr/blog/fonctionnement-pompe-surpresseur/,2.2609944343566895,2,,False,assigned
eau vide sanitaire pas grave,https://cuve-expert.fr/blog/installer-cuve-eau/,2.702788829803467,3,,False,assigned
prix bidon adblue,https://cuve-expert.fr/blog/prix-adblue/,2.2308292388916016,1,,False,assigned
pompe de relevage pour climatiseur,https://cuve-expert.fr/blog/choisir-cuve-gnr/,1.8195502758026123,2,,False,assigned
pompe a eau tourne mais n'aspire pas,https://cuve-expert.fr/blog/pompe-relevage-ne-pompe-pas/,2.4861268997192383,1,,False,assigned
remplacer adblue par eau déminéralisée forum,https://cuve-expert.fr/blog/tva-adblue/,1.922876000404358,1,,False,assigned
installation d'un surpresseur sur un puit,https://cuve-expert.fr/blog/installation-pompe-surface/,1.947035551071167,2,,False,assigned
cave inondée quand il pleut,https://cuve-expert.fr/blog/recuperateur-eau-hiver/,2.198478937149048,1,,False,assigned
prix changement circulateur chaudière,https://cuve-expert.fr/blog/distributeur-gazole-poids-lourds/,2.317394971847534,1,,False,assigned
eau de pluie pour douche,https://cuve-expert.fr/blog/recuperateur-eau-hiver/,3.0563573837280273,1,,False,assigned
prix adblue station,https://cuve-expert.fr/blog/choisir-cuve-adblue/,2.1890811920166016,1,,False,assigned
conservation gasoil bidon plastique,https://cuve-expert.fr/blog/distributeur-gazole-poids-lourds/,2.5583999156951904,2,,False,assigned
adblue station prix,https://cuve-expert.fr/blog/choisir-cuve-adblue/,2.219503879547119,1,,False,assigned
vider une cave,https://cuve-expert.fr/blog/installer-cuve-eau/,1.4215447902679443,2,,False,assigned
pompes d'arrosage,https://cuve-expert.fr/blog/puiser-eau-canal-fosse/,2.2839436531066895,1,,False,assigned
prix adblue au litre,https://cuve-expert.fr/blog/prix-adblue/,2.1870713233947754,1,,False,assigned
qu'est-ce qu'une pompe de relevage,https://cuve-expert.fr/blog/pompe-surface-fonctionnement-avantages/,1.5972554683685303,1,,False,assigned
eau dans le vide sanitaire,https://cuve-expert.fr/blog/installer-cuve-eau/,2.6859960556030273,3,,False,assigned
fioul de 20 ans,https://cuve-expert.fr/blog/problemes-aspiration-pompe-eau/,0.8987228870391846,0,,False,assigned
pompe a eau arrosage,https://cuve-expert.fr/blog/pompe-relevage-eau-pluviale/,2.9557394981384277,1,,False,assigned
recuperer tva sur essence,https://cuve-expert.fr/blog/installer-cuve-eau/,1.4640227556228638,1,,False,assigned
cave inondée pompe,https://cuve-expert.fr/blog/pompe-immergee-outil-extraire-eaux-souterraines/,2.5660042762756348,0,,False,assigned
vide sanitaire rempli d'eau,https://cuve-expert.fr/blog/pompe-relevage-machine-laver/,2.845186710357666,1,,False,assigned
inerter une cuve,https://cuve-expert.fr/blog/fixer-recuperateur-eau-pluie/,1.9951870441436768,2,,False,assigned
pompe arrosage jardin,https://cuve-expert.fr/blog/pompe-relevage-eau-pluviale/,2.5053091049194336,1,,False,assigned
débit d'eau faible,https://cuve-expert.fr/blog/installer-cuve-eau/,2.381342887878418,3,,False,assigned
installation pompe de relevage eau de pluie,https://cuve-expert.fr/blog/pompe-relevage-eau-pluviale/,2.924440622329712,1,,False,assigned
pompe submersible piscine,https://cuve-expert.fr/blog/vider-piscine-pompe-vide-cave/,3.441419839859009,2,,False,assigned
recuperation de l eau de pluie,https://cuve-expert.fr/blog/recuperateur-eau-hiver/,2.741032123565674,1,,False,assigned
pompe à eau jardin,https://cuve-expert.fr/blog/pompe-relevage-eau-pluviale/,2.7180652618408203,1,,False,assigned
pompe à eau pour arrosage,https://cuve-expert.fr/blog/pompe-relevage-eau-pluviale/,2.6454343795776367,1,,False,assigned
niveau d'urée voiture,https://cuve-expert.fr/blog/rouler-gnr/,1.5410146713256836,1,,False,assigned
reglage surpresseur pressostat,https://cuve-expert.fr/blog/regler-surpresseur-facilement/,1.3466957807540894,2,,False,assigned
fabrication adblue,https://cuve-expert.fr/blog/la-composition-de-adblue/,2.532144784927368,2,,False,assigned
pompe de vidange pour piscine,https://cuve-expert.fr/blog/vider-piscine-pompe-vide-cave/,2.9256362915039062,2,,False,assigned
vide sanitaire plein d eau,https://cuve-expert.fr/blog/installer-cuve-eau/,2.607248306274414,3,,False,assigned
pompe pression eau,https://cuve-expert.fr/blog/calcul-hauteur-manometrique-pompe-eau/,3.6197867393493652,2,,False,assigned
amorcage pompe eau,https://cuve-expert.fr/blog/puiser-eau-canal-fosse/,2.7362184524536133,1,,False,assigned
récupérer eau de pluie,https://cuve-expert.fr/blog/recuperateur-eau-hiver/,2.618427038192749,1,,False,assigned
prix adblue,https://cuve-expert.fr/blog/prix-adblue/,1.7232600450515747,1,,False,assigned
pompe de surface eau,https://cuve-expert.fr/blog/puiser-eau-canal-fosse/,3.0203518867492676,1,,False,assigned
qu'est ce qu'une pompe de relevage,https://cuve-expert.fr/blog/pompe-surface-fonctionnement-avantages/,1.5255826711654663,1,,False,assigned
pompe a eau pour jardin,https://cuve-expert.fr/blog/pompe-relevage-eau-pluviale/,2.8412976264953613,1,,False,assigned
qu est ce qu une pompe de relevage,https://cuve-expert.fr/blog/pompe-surface-fonctionnement-avantages/,1.6090824604034424,1,,False,assigned
vide cave pompier,https://cuve-expert.fr/blog/pompe-immergee-outil-extraire-eaux-souterraines/,1.9074594974517822,0,,False,assigned
pompe à eau arrosage,https://cuve-expert.fr/blog/pompe-relevage-eau-pluviale/,2.777141571044922,1,,False,assigned
pompe eau jardin,https://cuve-expert.fr/blog/pompe-relevage-eau-pluviale/,2.9322457313537598,1,,False,assigned
eau de pluie toilette,https://cuve-expert.fr/blog/recuperation-eau-pluie-wc-guide-ecologique-economique/,2.8344736099243164,1,,False,assigned
transport de carburant réglementation,https://cuve-expert.fr/blog/distributeur-gazole-poids-lourds/,3.583587408065796,1,,False,assigned
amorcer pompe immergée,https://cuve-expert.fr/blog/pompe-surface-fonctionnement-avantages/,2.533048629760742,1,,False,assigned
eau dans la cave qui contacter,https://cuve-expert.fr/blog/differences-pompe-d-arrosage-et-pompe-eau/,2.296849012374878,1,,False,assigned
tva recuperable essence,https://cuve-expert.fr/blog/recuperation-eau-pluie-wc-guide-ecologique-economique/,1.031041145324707,3,,False,assigned
réglage pressostat surpresseur,https://cuve-expert.fr/blog/surpresseur-arret-ou-demarre-trop-rapidement/,1.3769607543945312,2,,False,assigned
comment degazer une cuve fioul,https://cuve-expert.fr/blog/fixer-recuperateur-eau-pluie/,1.9528509378433228,2,,False,assigned
vide sanitaire plein d'eau,https://cuve-expert.fr/blog/installer-cuve-eau/,2.4916951656341553,3,,False,assigned
pourquoi mon surpresseur ne tient pas la pression,https://cuve-expert.fr/blog/pompe-surpresseur-non-arret-automatique/,2.0655832290649414,1,,False,assigned
problème flotteur pompe de relevage,https://cuve-expert.fr/blog/guide-complet-pompes-vide-cave/,2.550558090209961,1,,False,assigned
pompe a eau pour arrosage,https://cuve-expert.fr/blog/pompe-relevage-eau-pluviale/,2.9246037006378174,1,,False,assigned
eau dans vide sanitaire,https://cuve-expert.fr/blog/installer-cuve-eau/,2.6511361598968506,3,,False,assigned
consommation poids lourd 19t,https://cuve-expert.fr/blog/consommation-adblue-poids-lourds/,1.6555335521697998,0,,False,assigned
entretien d une pompe de relevage,https://cuve-expert.fr/blog/depanner-remplacer-interrupteur-flotteur/,2.121840000152588,1,,False,assigned
eau de pluie pour la douche,https://cuve-expert.fr/blog/recuperateur-eau-hiver/,3.200204849243164,1,,False,assigned
recuperation eau de pluie pour wc,https://cuve-expert.fr/blog/recuperation-eau-pluie-wc-guide-ecologique-economique/,3.1021065711975098,1,,False,assigned
recuperer eau de pluie pour wc.,https://cuve-expert.fr/blog/recuperation-eau-pluie-wc-guide-ecologique-economique/,3.270261764526367,1,,False,assigned
comment amorcer une pompe de relevage,https://cuve-expert.fr/blog/installation-pompe-surface/,2.3831357955932617,2,,False,assigned
prix adblue à la pompe,https://cuve-expert.fr/blog/prix-adblue/,1.9829533100128174,1,,False,assigned
pompe de relevage pour eau de pluie,https://cuve-expert.fr/blog/pompe-relevage-eau-pluviale/,2.6952385902404785,1,,False,assigned
eau de pluie douche,https://cuve-expert.fr/blog/recuperateur-eau-hiver/,3.063961982727051,1,,False,assigned
eau de pluie wc,https://cuve-expert.fr/blog/recuperation-eau-pluie-wc-guide-ecologique-economique/,2.8990025520324707,1,,False,assigned
comment amorcer une pompe surpresseur,https://cuve-expert.fr/blog/pompe-surface-fonctionnement-avantages/,2.5172367095947266,1,,False,assigned
problème surpresseur marche par à coup,https://cuve-expert.fr/blog/surpresseur-arret-ou-demarre-trop-rapidement/,1.4845175743103027,1,,False,assigned
définition pompe de relevage,https://cuve-expert.fr/blog/pompe-surface-fonctionnement-avantages/,2.74629282951355,1,,False,assigned
récupération de l'eau de pluie,https://cuve-expert.fr/blog/recuperateur-eau-hiver/,2.9396140575408936,1,,False,assigned
fonctionnement pompe immergée,https://cuve-expert.fr/blog/pompe-surface-fonctionnement-avantages/,2.611396312713623,1,,False,assigned
plus de pression d'eau dans toute la maison,https://cuve-expert.fr/blog/pression-sanitaire-habitation/,2.912290573120117,1,,False,assigned
augmenter pression douche,https://cuve-expert.fr/blog/pression-sanitaire-habitation/,2.782597541809082,1,,False,assigned
récupération des eaux pluviales,https://cuve-expert.fr/blog/recuperateur-eau-hiver/,2.3975532054901123,1,,False,assigned
prix adblue pompe,https://cuve-expert.fr/blog/prix-adblue/,2.2186357975006104,1,,False,assigned
surpresseur pression,https://cuve-expert.fr/blog/regler-surpresseur-facilement/,2.5238144397735596,2,,False,assigned
panne pompe à eau puits,https://cuve-expert.fr/blog/puiser-eau-canal-fosse/,2.544381618499756,1,,False,assigned
pression reseau eau maison,https://cuve-expert.fr/blog/pression-sanitaire-habitation/,3.099813938140869,1,,False,assigned
pression d'eau faible,https://cuve-expert.fr/blog/pression-sanitaire-habitation/,3.296393394470215,1,,False,assigned
eau de pluie pour toilette,https://cuve-expert.fr/blog/recuperation-eau-pluie-wc-guide-ecologique-economique/,2.804175853729248,1,,False,assigned
pompes d arrosage,https://cuve-expert.fr/blog/pompe-relevage-eau-pluviale/,2.527060031890869,1,,False,assigned
symbole circulateur chauffage,https://cuve-expert.fr/blog/relais-thermiques/,2.527489185333252,1,,False,assigned
marques de tracteur,https://cuve-expert.fr/blog/quelles-sont-les-marques-de-tracteurs-francais/,1.4032877683639526,1,,False,assigned
entretien d'une pompe de relevage,https://cuve-expert.fr/blog/pompe-surface-fonctionnement-avantages/,2.171445846557617,1,,False,assigned
a quoi sert une pompe a eau,https://cuve-expert.fr/blog/faire-durer-pompe-relevage/,2.3443989753723145,1,,False,assigned
jurisprudence vide sanitaire inondé,https://cuve-expert.fr/blog/legal-recuperer-eau-pluviale/,1.2563683986663818,2,,False,assigned
pompe pour arroser le jardin,https://cuve-expert.fr/blog/choisir-cuve-eau/,2.448871612548828,2,,False,assigned
pression d'eau insuffisante,https://cuve-expert.fr/blog/pompe-eau-dimension/,3.2928414344787598,1,,False,assigned
voyant adblue,https://cuve-expert.fr/blog/adblue-moteur-tracteur/,2.034923791885376,2,,False,assigned
installation surpresseur d'eau domestique,https://cuve-expert.fr/blog/optimiser-recuperation-eau/,2.24739670753479,2,,False,assigned
maison inondée,https://cuve-expert.fr/blog/vider-maison-inondation/,2.2014083862304688,2,,False,assigned
tous les raccords de plomberie,https://cuve-expert.fr/blog/comment-degazer-sa-cuve-a-fuel-gazoil-gnr/,1.8739960193634033,1,,False,assigned
faire remonter de l'eau dans un tuyau,https://cuve-expert.fr/blog/comment-vider-une-cuve-a-fioul-gazoil-gnr/,2.327331066131592,1,,False,assigned
recuperateur eau de pluie wc,https://cuve-expert.fr/blog/recuperation-eau-pluie-wc-guide-ecologique-economique/,2.6539390087127686,1,,False,assigned
pompe pression eau,https://cuve-expert.fr/blog/calcul-hauteur-manometrique-pompe-eau/,3.6197869777679443,2,,False,assigned
surpresseur et pompe,https://cuve-expert.fr/blog/pompe-surface-fonctionnement-avantages/,2.3825836181640625,1,,False,assigned
problème de pompe à eau de puit,https://cuve-expert.fr/blog/pompe-relevage-eau-pluviale/,2.65848970413208,1,,False,assigned
entretien pompe relevage,https://cuve-expert.fr/blog/depanner-remplacer-interrupteur-flotteur/,2.4248404502868652,1,,False,assigned
infiltration cave,https://cuve-expert.fr/blog/probleme-cave/,3.230499029159546,1,,False,assigned
fonctionnement pompe immergée avec flotteur,https://cuve-expert.fr/blog/pompe-surface-fonctionnement-avantages/,2.768220901489258,1,,False,assigned
installer un récupérateur d'eau,https://cuve-expert.fr/blog/vider-piscine-pompe-vide-cave/,2.2980406284332275,3,,False,assigned
pression douche,https://cuve-expert.fr/blog/pression-sanitaire-habitation/,3.118593215942383,1,,False,assigned
calculer un volume en litre d'une cuve,https://cuve-expert.fr/blog/installation-pompe-surface/,3.1355714797973633,1,,False,assigned
pompe d arrosage jardin,https://cuve-expert.fr/blog/pompe-relevage-eau-pluviale/,2.48812198638916,1,,False,assigned
récupérer l eau de pluie,https://cuve-expert.fr/blog/recuperateur-eau-hiver/,2.6442341804504395,1,,False,assigned
cave dans vide sanitaire,https://cuve-expert.fr/blog/comment-degazer-sa-cuve-a-fuel-gazoil-gnr/,1.4195982217788696,1,,False,assigned
circulateur d'eau,https://cuve-expert.fr/blog/fonctionnement-pompe-surpresseur/,2.0095014572143555,1,,False,assigned
interdit de récupérer l'eau de pluie,https://cuve-expert.fr/blog/legal-recuperer-eau-pluviale/,2.317051887512207,1,,False,assigned
cave vide sanitaire,https://cuve-expert.fr/blog/choisir-cuve-eau/,1.4951809644699097,4,,False,assigned
gasoil agricole,https://cuve-expert.fr/blog/quelles-sont-les-marques-de-tracteurs-francais/,2.610161781311035,1,,False,assigned
composition adblue,https://cuve-expert.fr/blog/category/gestion-de-ladblue/page/2/,2.0087904930114746,0,,False,assigned
pompe de relevage vide sanitaire,https://cuve-expert.fr/blog/pompe-relevage-machine-laver/,2.3390696048736572,1,,False,assigned
installation pompe vide cave,https://cuve-expert.fr/blog/guide-complet-pompes-vide-cave/,2.6068544387817383,0,,False,assigned
inondation maison,https://cuve-expert.fr/blog/vider-maison-inondation/,3.0081558227539062,2,,False,assigned
pompe de relevage machine à laver brico dépôt,https://cuve-expert.fr/blog/pompe-relevage-machine-laver/,2.5353145599365234,1,,False,assigned
stockage adblue,https://cuve-expert.fr/blog/tva-adblue/,2.3025941848754883,2,,False,assigned
pompe a eau pour machine a laver,https://cuve-expert.fr/blog/pompe-relevage-machine-laver/,3.224613904953003,1,,False,assigned
temoin voyant adblue,https://cuve-expert.fr/blog/adblue-moteur-tracteur/,1.702246904373169,2,,False,assigned
plein adblue,https://cuve-expert.fr/blog/remplacer-adblue/,1.8744430541992188,2,,False,assigned
conservation adblue,https://cuve-expert.fr/blog/alerte-adblue/,2.256840229034424,3,,False,assigned
pompe de relevage installation,https://cuve-expert.fr/blog/fonctionnement-pompe-surpresseur/,2.298157215118408,2,,False,assigned
eau cave,https://cuve-expert.fr/blog/combien-coute-cuve-a-eau/,2.9109137058258057,3,,False,assigned
pompe fonctionnement,https://cuve-expert.fr/blog/pompe-surface-fonctionnement-avantages/,3.207016944885254,1,,False,assigned
réglage pression eau maison,https://cuve-expert.fr/blog/pression-sanitaire-habitation/,3.208448886871338,1,,False,assigned
pression pompe eau,https://cuve-expert.fr/blog/calcul-hauteur-manometrique-pompe-eau/,3.6923930644989014,2,,False,assigned
marques de tracteur agricole,https://cuve-expert.fr/blog/quelles-sont-les-marques-de-tracteurs-francais/,2.153682231903076,1,,False,assigned
pompe d aspiration d eau,https://cuve-expert.fr/blog/pompe-relevage-eau-pluviale/,2.7107787132263184,1,,False,assigned
pompe electrique adblue,https://cuve-expert.fr/blog/guide-complet-pompes-vide-cave/,2.664041757583618,1,,False,assigned
pompe pour inondation sous-sol,https://cuve-expert.fr/blog/pompe-immergee-outil-extraire-eaux-souterraines/,2.8709816932678223,3,,False,assigned
relais thermique schéma,https://cuve-expert.fr/blog/transport-adr-et-stockage-adblue/,2.4763662815093994,2,,False,assigned
pression douche faible,https://cuve-expert.fr/blog/pression-sanitaire-habitation/,3.008931875228882,1,,False,assigned
pompe et surpresseur pour puit,https://cuve-expert.fr/blog/pompe-immergee-outil-extraire-eaux-souterraines/,2.1932923793792725,2,,False,assigned
installation surpresseur,https://cuve-expert.fr/blog/surpresseur-arret-ou-demarre-trop-rapidement/,1.6799565553665161,2,,False,assigned
plus de pression dans la douche,https://cuve-expert.fr/blog/pression-sanitaire-habitation/,2.6656529903411865,1,,False,assigned
pompe d arrosage,https://cuve-expert.fr/blog/pompe-relevage-eau-pluviale/,2.5050947666168213,1,,False,assigned
pompe pour vide sanitaire,https://cuve-expert.fr/blog/pompe-relevage-machine-laver/,2.421260356903076,1,,False,assigned
station essence poids lourds,https://cuve-expert.fr/blog/distributeur-gazole-poids-lourds/,1.7639107704162598,1,,False,assigned
norme adblue,https://cuve-expert.fr/blog/adblue-moteur-tracteur/,1.879945158958435,2,,False,assigned
pompe aspiration eau,https://cuve-expert.fr/blog/pompe-relevage-eau-pluviale/,2.8454976081848145,1,,False,assigned
tracteur marques,https://cuve-expert.fr/blog/installation-pompe-surface/,1.2438669204711914,2,,False,assigned
gasoil rouge,https://cuve-expert.fr/blog/rouler-gnr/,2.6640572547912598,1,,False,assigned
pression d eau,https://cuve-expert.fr/blog/pression-sanitaire-habitation/,3.5449931621551514,1,,False,assigned
crepine pompe eau,https://cuve-expert.fr/blog/puiser-eau-canal-fosse/,2.829474925994873,1,,False,assigned
peut-on utiliser du vieux fioul,https://cuve-expert.fr/blog/comment-degazer-sa-cuve-a-fuel-gazoil-gnr/,1.1545889377593994,1,,False,assigned
eau dans cave,https://cuve-expert.fr/blog/differences-pompe-d-arrosage-et-pompe-eau/,2.3937716484069824,1,,False,assigned
pompe de surpression d'eau,https://cuve-expert.fr/blog/pompe-relevage-eau-pluviale/,2.8298773765563965,1,,False,assigned
surpresseur pour puit,https://cuve-expert.fr/blog/entretenir-citerne-eau/,1.4191890954971313,2,,False,assigned
toute les marque de tracteur,https://cuve-expert.fr/blog/quelles-sont-les-marques-de-tracteurs-francais/,1.536983847618103,1,,False,assigned
pompe a eau jardin,https://cuve-expert.fr/blog/pompe-relevage-eau-pluviale/,2.938554286956787,1,,False,assigned
douche eau de pluie,https://cuve-expert.fr/blog/recuperateur-eau-hiver/,3.1336913108825684,1,,False,assigned
amende rouler au rouge,https://cuve-expert.fr/blog/monter-cordon-alimentation-pompe-eau/,1.2000880241394043,2,,False,assigned
calculer volume cuve,https://cuve-expert.fr/blog/calculer-volume-cuve/,3.2525320053100586,1,,False,assigned
toute les marques de tracteur,https://cuve-expert.fr/blog/quelles-sont-les-marques-de-tracteurs-francais/,1.4168847799301147,1,,False,assigned
pression d'eau,https://cuve-expert.fr/blog/pression-sanitaire-habitation/,3.625586986541748,1,,False,assigned
pompe pour vider une piscine,https://cuve-expert.fr/blog/vider-piscine-pompe-vide-cave/,2.964364767074585,2,,False,assigned
réglage pression pompe à eau,https://cuve-expert.fr/blog/pompe-eau-dimension/,3.0457706451416016,1,,False,assigned
recuperer les eaux pluviales,https://cuve-expert.fr/blog/recuperation-eau-pluie-wc-guide-ecologique-economique/,2.578129291534424,3,,False,assigned
adblue composition,https://cuve-expert.fr/blog/choisir-cuve-adblue/,2.1880874633789062,1,,False,assigned
hauteur géométrique,https://cuve-expert.fr/blog/fixer-recuperateur-eau-pluie/,1.866420865058899,1,,False,assigned
adblue fabrication,https://cuve-expert.fr/blog/la-composition-de-adblue/,2.597062349319458,2,,False,assigned
pompe pour puit avec surpresseur,https://cuve-expert.fr/blog/pompe-surface-fonctionnement-avantages/,2.310417652130127,1,,False,assigned
calcul volume cuve,https://cuve-expert.fr/blog/recuperateur-eau-hiver/,3.2296295166015625,2,,False,assigned
fonctionnement pompe,https://cuve-expert.fr/blog/pompe-surface-fonctionnement-avantages/,2.862839937210083,1,,False,assigned
pression eau,https://cuve-expert.fr/blog/pression-sanitaire-habitation/,3.668790817260742,1,,False,assigned
innondation maison,https://cuve-expert.fr/blog/vider-maison-inondation/,2.7481651306152344,2,,False,assigned
pompe pour aspirer l'eau,https://cuve-expert.fr/blog/pompe-relevage-eau-pluviale/,2.659334182739258,1,,False,assigned
traitement eau de pluie,https://cuve-expert.fr/blog/legal-recuperer-eau-pluviale/,2.9686026573181152,1,,False,assigned
pompe pour cave inondée,https://cuve-expert.fr/blog/pompe-immergee-outil-extraire-eaux-souterraines/,2.0623981952667236,3,,False,assigned
interdit recuperer eau de pluie,https://cuve-expert.fr/blog/legal-recuperer-eau-pluviale/,2.9047141075134277,1,,False,assigned
prix adblue total à la pompe,https://cuve-expert.fr/blog/prix-adblue/,2.2135300636291504,1,,False,assigned
volume cuve,https://cuve-expert.fr/blog/recuperateur-eau-hiver/,3.3209762573242188,2,,False,assigned
vider sole,https://cuve-expert.fr/blog/algues-citerne-eau/,1.205136775970459,1,,False,assigned
melanger gnr et gasoil,https://cuve-expert.fr/blog/rouler-gnr/,1.615222454071045,1,,False,assigned
consommation ad blue,https://cuve-expert.fr/blog/prix-adblue/,2.296656370162964,3,,False,assigned
comment nettoyer une citerne d'eau en plastique,https://cuve-expert.fr/blog/habillage-cuve-eau-1000-litres/,3.023826837539673,1,,False,assigned
entretien pompe de relevage,https://cuve-expert.fr/blog/depanner-remplacer-interrupteur-flotteur/,2.2125320434570312,1,,False,assigned
composition de adblue,https://cuve-expert.fr/blog/choisir-cuve-adblue/,1.8340264558792114,1,,False,assigned
pompe de jardin,https://cuve-expert.fr/blog/choisir-cuve-eau/,2.319826602935791,2,,False,assigned
pompe vide cave sans flotteur,https://cuve-expert.fr/blog/guide-complet-pompes-vide-cave/,2.6536598205566406,1,,False,assigned
problème pompe à eau maison,https://cuve-expert.fr/blog/faire-durer-pompe-relevage/,2.9700303077697754,1,,False,assigned
pompe relevage eau de pluie,https://cuve-expert.fr/blog/pompe-relevage-eau-pluviale/,3.10789155960083,1,,False,assigned
composition ad blue,https://cuve-expert.fr/blog/tva-adblue/,2.025564193725586,2,,False,assigned
fioul à la pompe autour de moi,https://cuve-expert.fr/blog/guide-pompe-relevage/,1.380354642868042,1,,False,assigned
recuperation des eaux de pluies,https://cuve-expert.fr/blog/recuperateur-eau-hiver/,2.217862129211426,1,,False,assigned
installer recuperateur d'eau,https://cuve-expert.fr/blog/calculer-volume-cuve/,2.1965489387512207,4,,False,assigned
pompe de relevage eau de pluie,https://cuve-expert.fr/blog/pompe-relevage-eau-pluviale/,2.833010673522949,1,,False,assigned
adblue consommation,https://cuve-expert.fr/blog/consommation-adblue-poids-lourds/,2.3142523765563965,1,,False,assigned
de quoi est composé l'adblue,https://cuve-expert.fr/blog/adblue-moteur-tracteur/,1.6503705978393555,2,,False,assigned
ballon surpresseur pression,https://cuve-expert.fr/blog/pression-sanitaire-habitation/,2.7432565689086914,2,,False,assigned
surpresseur pour augmenter la pression d eau,https://cuve-expert.fr/blog/pression-sanitaire-habitation/,2.579204559326172,2,,False,assigned
cuve fioul vide,https://cuve-expert.fr/blog/problemes-aspiration-pompe-eau/,1.0545449256896973,0,,False,assigned
prix du litre adblue à la pompe total,https://cuve-expert.fr/blog/prix-adblue/,1.9724595546722412,1,,False,assigned
schéma installation pompe de relevage eaux usées,https://cuve-expert.fr/blog/pompe-relevage-eau-pluviale/,2.653275728225708,1,,False,assigned
prix changement circulateur chaudiere,https://cuve-expert.fr/blog/distributeur-gazole-poids-lourds/,2.199672222137451,1,,False,assigned
circulateur chaudiere gaz,https://cuve-expert.fr/blog/guide-complet-pompes-vide-cave/,2.490326166152954,1,,False,assigned
amorcer pompe à eau,https://cuve-expert.fr/blog/pompe-relevage-eau-pluviale/,2.7690677642822266,1,,False,assigned
adblue corrosif,https://cuve-expert.fr/blog/tva-adblue/,1.8190076351165771,1,,False,assigned
calcul volume eau,https://cuve-expert.fr/blog/pompe-surface-fonctionnement-avantages/,2.904884099960327,2,,False,assigned
symbole relais thermique,https://cuve-expert.fr/blog/transport-adr-et-stockage-adblue/,2.452758312225342,2,,False,assigned
station service poids lourds,https://cuve-expert.fr/blog/distributeur-gazole-poids-lourds/,2.0751936435699463,1,,False,assigned
prix d'un litre d'adblue,https://cuve-expert.fr/blog/prix-adblue/,2.242748260498047,1,,False,assigned
branchement d une pompe de relevage,https://cuve-expert.fr/blog/pompe-surface-fonctionnement-avantages/,2.102079391479492,1,,False,assigned
eau vide sanitaire,https://cuve-expert.fr/blog/installer-cuve-eau/,2.956162929534912,3,,False,assigned
pompes de jardin,https://cuve-expert.fr/blog/pompe-relevage-outil-drainage/,2.3256421089172363,3,,False,assigned
inondation cave,https://cuve-expert.fr/blog/cave-inondee-vider-sous-sol/,3.4711971282958984,1,,False,assigned
réglage pressostat surpresseur pdf,https://cuve-expert.fr/blog/surpresseur-arret-ou-demarre-trop-rapidement/,1.1114839315414429,1,,False,assigned
comment fixer un recuperateur d eau au mur,https://cuve-expert.fr/blog/vider-piscine-pompe-vide-cave/,2.787944793701172,3,,False,assigned
pompe vide sanitaire,https://cuve-expert.fr/blog/pompe-relevage-machine-laver/,2.8536019325256348,1,,False,assigned
eau de pluie interdiction,https://cuve-expert.fr/blog/legal-recuperer-eau-pluviale/,3.3214762210845947,1,,False,assigned
carburant rouge,https://cuve-expert.fr/blog/rouler-gnr/,3.275268077850342,1,,False,assigned
ad blue composition,https://cuve-expert.fr/blog/tva-adblue/,2.2182674407958984,2,,False,assigned
pompe qui aspire l'eau,https://cuve-expert.fr/blog/pompe-relevage-eau-pluviale/,2.8015735149383545,1,,False,assigned
gonflage vessie surpresseur,https://cuve-expert.fr/blog/installation-pompe-surface/,1.2755736112594604,2,,False,assigned
prix de l'adblue,https://cuve-expert.fr/blog/prix-adblue/,1.712904453277588,1,,False,assigned
qu est ce qu une pompe de relevage,https://cuve-expert.fr/blog/pompe-surface-fonctionnement-avantages/,1.6090824604034424,1,,False,assigned
composants adblue,https://cuve-expert.fr/blog/adblue-moteur-tracteur/,2.448795795440674,2,,False,assigned
installer recuperateur d eau,https://cuve-expert.fr/blog/calculer-volume-cuve/,2.1976146697998047,4,,False,assigned
augmenter pression eau maison,https://cuve-expert.fr/blog/pression-sanitaire-habitation/,3.3444533348083496,1,,False,assigned
sur quoi poser un recuperateur d'eau,https://cuve-expert.fr/blog/recuperateur-eau-fonctionnement/,2.233110189437866,1,,False,assigned
habiller cuve 1000l,https://cuve-expert.fr/blog/fixer-recuperateur-eau-pluie/,1.657502293586731,2,,False,assigned
comment installer une pompe de relevage pour machine à laver,https://cuve-expert.fr/blog/pompe-relevage-machine-laver/,2.552445411682129,1,,False,assigned
fonctionnement relais,https://cuve-expert.fr/blog/comment-controler-une-cuve-a-fuel-gazoil-gnr/,0.9585000276565552,1,,False,assigned
pompe d'aspiration,https://cuve-expert.fr/blog/guide-complet-pompes-vide-cave/,3.0712480545043945,1,,False,assigned
bidon adblue prix,https://cuve-expert.fr/blog/prix-adblue/,2.195204019546509,1,,False,assigned
cave inondée,https://cuve-expert.fr/blog/comment-stocker-du-carburant/,2.3488595485687256,1,,False,assigned
pompe eau pression,https://cuve-expert.fr/blog/calcul-hauteur-manometrique-pompe-eau/,3.5926880836486816,2,,False,assigned
pompe vide cave piscine,https://cuve-expert.fr/blog/vider-piscine-pompe-vide-cave/,2.9945030212402344,1,,False,assigned
manomètre pression eau maison,https://cuve-expert.fr/blog/pression-sanitaire-habitation/,3.090726852416992,1,,False,assigned
eau pression,https://cuve-expert.fr/blog/pression-sanitaire-habitation/,3.5187108516693115,1,,False,assigned
calculer un volume d eau,https://cuve-expert.fr/blog/installation-pompe-surface/,3.2630796432495117,1,,False,assigned
installation cuve fioul plastique,https://cuve-expert.fr/blog/habillage-cuve-eau-1000-litres/,2.0478522777557373,2,,False,assigned
comment fixer un recuperateur d'eau au mur,https://cuve-expert.fr/blog/vider-piscine-pompe-vide-cave/,2.7686028480529785,3,,False,assigned
pompe pour jardin,https://cuve-expert.fr/blog/choisir-cuve-eau/,2.339794635772705,2,,False,assigned
calculer un volume d'eau,https://cuve-expert.fr/blog/installation-pompe-surface/,3.3030452728271484,1,,False,assigned
loi recuperation eau de pluie,https://cuve-expert.fr/blog/recuperation-eau-pluie-wc-guide-ecologique-economique/,3.061213493347168,3,,False,assigned
surpresseur eau fonctionnement,https://cuve-expert.fr/blog/faire-durer-pompe-relevage/,2.4121294021606445,1,,False,assigned
produit nettoyant pompe de relevage,https://cuve-expert.fr/blog/comment-degazer-sa-cuve-a-fuel-gazoil-gnr/,1.9878478050231934,1,,False,assigned
récupération des eaux de pluie réglementation,https://cuve-expert.fr/blog/recuperation-eau-pluie-wc-guide-ecologique-economique/,2.7734475135803223,3,,False,assigned
pompe pour arrosage,https://cuve-expert.fr/blog/pompe-relevage-eau-pluviale/,2.508645534515381,1,,False,assigned
volume d'eau,https://cuve-expert.fr/blog/installation-pompe-surface/,2.9420692920684814,1,,False,assigned
circulateur de chaudiere,https://cuve-expert.fr/blog/guide-complet-pompes-vide-cave/,2.013045310974121,1,,False,assigned
fonctionnement d une pompe,https://cuve-expert.fr/blog/pompe-surface-fonctionnement-avantages/,2.8366432189941406,1,,False,assigned
aspiration de l'eau,https://cuve-expert.fr/blog/legal-recuperer-eau-pluviale/,2.1844167709350586,1,,False,assigned
pompe cave inondée,https://cuve-expert.fr/blog/differences-pompe-d-arrosage-et-pompe-eau/,2.500861644744873,1,,False,assigned
pression réseau eau,https://cuve-expert.fr/blog/pompe-eau-dimension/,3.294552803039551,1,,False,assigned
pompe de relevage pour vide sanitaire,https://cuve-expert.fr/blog/pompe-relevage-machine-laver/,2.158867597579956,1,,False,assigned
pompe à eau avec tuyau,https://cuve-expert.fr/blog/pompe-relevage-eau-pluviale/,3.2848944664001465,1,,False,assigned
adblue plein mais voyant allume,https://cuve-expert.fr/blog/adblue-moteur-tracteur/,1.3120760917663574,2,,False,assigned
pompe de relevage définition,https://cuve-expert.fr/blog/pompe-surface-fonctionnement-avantages/,2.4185104370117188,1,,False,assigned
installation pompe de relevage eau de pluie,https://cuve-expert.fr/blog/pompe-relevage-eau-pluviale/,2.924440622329712,1,,False,assigned
amorcer pompe puit,https://cuve-expert.fr/blog/installation-pompe-surface/,2.197246551513672,2,,False,assigned
a quoi sert la pompe a eau,https://cuve-expert.fr/blog/faire-durer-pompe-relevage/,2.3734936714172363,1,,False,assigned
récupération eau de pluie interdite,https://cuve-expert.fr/blog/legal-recuperer-eau-pluviale/,2.7797279357910156,1,,False,assigned
station essence poids lourd,https://cuve-expert.fr/blog/distributeur-gazole-poids-lourds/,1.702711582183838,1,,False,assigned
amorçage pompe à eau,https://cuve-expert.fr/blog/pompe-relevage-eau-pluviale/,2.638690948486328,1,,False,assigned
un surpresseur,https://cuve-expert.fr/blog/guide-pompe-relevage/,1.2076737880706787,1,,False,assigned
puisard vide sanitaire,https://cuve-expert.fr/blog/pompe-relevage-machine-laver/,1.2804160118103027,1,,False,assigned
surpresseur pour augmenter la pression d'eau,https://cuve-expert.fr/blog/pression-sanitaire-habitation/,2.6391241550445557,2,,False,assigned
tva recuperable sur carburant,https://cuve-expert.fr/blog/choisir-cuve-adblue/,1.8203905820846558,4,,False,assigned
fonction pompe,https://cuve-expert.fr/blog/pompe-surface-fonctionnement-avantages/,3.1083984375,1,,False,assigned
consommation adblue,https://cuve-expert.fr/blog/consommation-adblue-poids-lourds/,2.525477409362793,1,,False,assigned
comment fonctionne une pompe à eau,https://cuve-expert.fr/blog/faire-durer-pompe-relevage/,3.585151433944702,1,,False,assigned
composition de l adblue,https://cuve-expert.fr/blog/choisir-cuve-adblue/,1.791003704071045,1,,False,assigned
carburant poid lourd,https://cuve-expert.fr/blog/rouler-gnr/,2.6193909645080566,1,,False,assigned
produit nettoyage pompe de relevage,https://cuve-expert.fr/blog/comment-degazer-sa-cuve-a-fuel-gazoil-gnr/,2.053194999694824,1,,False,assigned
cuve à fuel enterrée,https://cuve-expert.fr/blog/comment-raccorder-deux-cuves-a-fioul-gazoil-gnr/,2.7007837295532227,1,,False,assigned
fonction du relais,https://cuve-expert.fr/blog/la-composition-de-adblue/,0.9773006439208984,2,,False,assigned
carburant poids lourds,https://cuve-expert.fr/blog/choisir-cuve-adblue/,2.782078266143799,4,,False,assigned
comment fonctionne un relais,https://cuve-expert.fr/blog/monter-cordon-alimentation-pompe-eau/,1.4030842781066895,2,,False,assigned
rouler au gnr hdi,https://cuve-expert.fr/blog/raccords-plomberie/,1.0505106449127197,0,,False,assigned
station gnr agricole,https://cuve-expert.fr/blog/quelles-sont-les-marques-de-tracteurs-francais/,1.564929723739624,1,,False,assigned
circulateur d eau,https://cuve-expert.fr/blog/fonctionnement-pompe-surpresseur/,2.0555973052978516,1,,False,assigned
installer recuperateur eau,https://cuve-expert.fr/blog/calculer-volume-cuve/,2.184368133544922,4,,False,assigned
station-service poids lourds,https://cuve-expert.fr/blog/distributeur-gazole-poids-lourds/,2.279923915863037,1,,False,assigned
récupération des eaux de pluie,https://cuve-expert.fr/blog/recuperateur-eau-hiver/,2.674501657485962,1,,False,assigned
voyant adblue combien de km,https://cuve-expert.fr/blog/alerte-adblue/,1.792499303817749,2,,False,assigned
les raccord,https://cuve-expert.fr/blog/jumeler-deux-cuves/,1.0707918405532837,2,,False,assigned
pompe arrosage,https://cuve-expert.fr/blog/pompe-relevage-eau-pluviale/,2.624500274658203,1,,False,assigned
vide-cave pompier,https://cuve-expert.fr/blog/pompe-immergee-outil-extraire-eaux-souterraines/,2.2164108753204346,0,,False,assigned
ma pompe à eau tourne tout le temps,https://cuve-expert.fr/blog/faire-durer-pompe-relevage/,2.1804118156433105,1,,False,assigned
pompe inondation cave,https://cuve-expert.fr/blog/differences-pompe-d-arrosage-et-pompe-eau/,3.0940585136413574,1,,False,assigned
pompe de relevage bruit en continue,https://cuve-expert.fr/blog/pompe-surface-fonctionnement-avantages/,1.6673613786697388,1,,False,assigned
augmenter pression pommeau douche,https://cuve-expert.fr/blog/pression-sanitaire-habitation/,2.447314977645874,1,,False,assigned
gnr definition,https://cuve-expert.fr/blog/rouler-gnr/,2.5760912895202637,0,,False,assigned
pompage vide sanitaire,https://cuve-expert.fr/blog/pompe-relevage-machine-laver/,3.1613988876342773,1,,False,assigned
pompe aspire eau,https://cuve-expert.fr/blog/pompe-relevage-eau-pluviale/,2.647240400314331,1,,False,assigned
cuve fuel enterrée,https://cuve-expert.fr/blog/comment-installer-une-cuve-a-fuel-gazoil-gnr/,3.2609119415283203,1,,False,assigned
adblue toxique,https://cuve-expert.fr/blog/adblue-moteur-tracteur/,1.4238818883895874,2,,False,assigned
carburant poids lourd,https://cuve-expert.fr/blog/choisir-cuve-adblue/,3.0829663276672363,4,,False,assigned
adblue pompe ou bidon,https://cuve-expert.fr/blog/comment-choisir-pompe-adblue/,2.0570173263549805,3,,False,assigned
circulateur eau,https://cuve-expert.fr/blog/fonctionnement-pompe-surpresseur/,2.1636714935302734,1,,False,assigned
relais fonctionnement,https://cuve-expert.fr/blog/depanner-remplacer-interrupteur-flotteur/,1.3854966163635254,1,,False,assigned
neutralisation cuve fioul sable ou béton,https://cuve-expert.fr/blog/comment-installer-une-cuve-a-fuel-gazoil-gnr/,2.0936856269836426,1,,False,assigned
cuve pour gnr,https://cuve-expert.fr/blog/choisir-cuve-adblue/,1.5593162775039673,3,,False,assigned
adblue consommation diesel,https://cuve-expert.fr/blog/choisir-cuve-adblue/,3.012763500213623,4,,False,assigned
pression reseau eau,https://cuve-expert.fr/blog/pompe-eau-dimension/,2.811016321182251,1,,False,assigned
eau de pluie récupération,https://cuve-expert.fr/blog/recuperateur-eau-hiver/,2.883493423461914,1,,False,assigned
stockage essence,https://cuve-expert.fr/blog/tva-adblue/,2.086658477783203,2,,False,assigned
adblue iso 22241 1,https://cuve-expert.fr/blog/adblue-moteur-tracteur/,2.0500357151031494,2,,False,assigned
gnr fuel,https://cuve-expert.fr/blog/comment-decolorer-du-fioul-rouge-pour-quil-devienne-gasoil/,3.304041862487793,1,,False,assigned
récupération eau de pluie interdit,https://cuve-expert.fr/blog/legal-recuperer-eau-pluviale/,2.817052125930786,1,,False,assigned
pompe piscine intex fonctionne mais n'aspire plus,https://cuve-expert.fr/blog/vider-piscine-pompe-vide-cave/,2.709413528442383,1,,False,assigned
recuperation eaux pluviales,https://cuve-expert.fr/blog/cave-inondee-vider-sous-sol/,2.2105910778045654,1,,False,assigned
station essence poid lourd,https://cuve-expert.fr/blog/nettoyer-pompe-relevage/,1.3642382621765137,1,,False,assigned
pompe de relevage eaux pluviales,https://cuve-expert.fr/blog/pompe-relevage-eau-pluviale/,2.7077605724334717,1,,False,assigned
couleur gnr,https://cuve-expert.fr/blog/comment-decolorer-du-fioul-rouge-pour-quil-devienne-gasoil/,1.2040985822677612,0,,False,assigned
pression eau réseau,https://cuve-expert.fr/blog/pompe-eau-dimension/,3.189737319946289,1,,False,assigned
augmenter pression d eau insuffisante,https://cuve-expert.fr/blog/pompe-eau-dimension/,3.0919976234436035,1,,False,assigned
pompe adblue prix,https://cuve-expert.fr/blog/prix-adblue/,2.1954684257507324,1,,False,assigned
pompe de drainage,https://cuve-expert.fr/blog/puiser-eau-canal-fosse/,3.30720591545105,1,,False,assigned
eau dans cave,https://cuve-expert.fr/blog/differences-pompe-d-arrosage-et-pompe-eau/,2.3937716484069824,1,,False,assigned
panne pompe à eau puits,https://cuve-expert.fr/blog/puiser-eau-canal-fosse/,2.544381618499756,1,,False,assigned
calcul volume d'eau,https://cuve-expert.fr/blog/installation-pompe-surface/,3.2379813194274902,1,,False,assigned
ad blue prix,https://cuve-expert.fr/blog/tva-adblue/,1.6078388690948486,2,,False,assigned
gonfler vessie surpresseur,https://cuve-expert.fr/blog/guide-pompe-relevage/,0.9023827910423279,1,,False,assigned
récupérer eaux de pluie,https://cuve-expert.fr/blog/recuperateur-eau-hiver/,2.4442033767700195,1,,False,assigned
moteur surpresseur,https://cuve-expert.fr/blog/pompe-surface-fonctionnement-avantages/,2.475984811782837,1,,False,assigned
habillage cuve 1000l,https://cuve-expert.fr/blog/fixer-recuperateur-eau-pluie/,2.076348066329956,2,,False,assigned
station fioul autour de moi,https://cuve-expert.fr/blog/recuperation-eau-pluie-wc-guide-ecologique-economique/,0.9395402669906616,2,,False,assigned
recuperation des eaux de pluie,https://cuve-expert.fr/blog/recuperateur-eau-hiver/,2.330373764038086,1,,False,assigned
pompe de relevage pour clim,https://cuve-expert.fr/blog/pompe-relevage-climatisation/,2.0389530658721924,2,,False,assigned
pompe eau potable,https://cuve-expert.fr/blog/pompe-relevage-eau-pluviale/,3.2776176929473877,1,,False,assigned
recuperation eau pluviale,https://cuve-expert.fr/blog/recuperation-eau-pluie-wc-guide-ecologique-economique/,2.896141767501831,3,,False,assigned
comment fonctionne un surpresseur,https://cuve-expert.fr/blog/pompe-surface-fonctionnement-avantages/,2.0054752826690674,1,,False,assigned
fonction relais,https://cuve-expert.fr/blog/relais-thermiques/,1.0515915155410767,0,,False,assigned
comment recuperer l'eau de pluie,https://cuve-expert.fr/blog/recuperateur-eau-hiver/,3.1106133460998535,1,,False,assigned
cuve fioul enterrée durée vie,https://cuve-expert.fr/blog/quelle-est-la-duree-de-vie-dune-cuve-de-stockage-fuel-gazoil-gnr/,1.7246233224868774,1,,False,assigned
interdiction de recuperer l eau de pluie,https://cuve-expert.fr/blog/legal-recuperer-eau-pluviale/,2.929810047149658,1,,False,assigned
pompe vide cave gros debit,https://cuve-expert.fr/blog/comment-vider-une-cuve-a-fioul-gazoil-gnr/,2.0680670738220215,1,,False,assigned
amplificateur de pression d'eau,https://cuve-expert.fr/blog/calcul-hauteur-manometrique-pompe-eau/,2.590585708618164,2,,False,assigned
tva déductible essence,https://cuve-expert.fr/blog/adblue-moteur-tracteur/,1.5581825971603394,2,,False,assigned
recuperation eau de pluie amende,https://cuve-expert.fr/blog/recuperateur-eau-hiver/,2.828106641769409,1,,False,assigned
recuperation des eaux pluviales,https://cuve-expert.fr/blog/recuperation-eau-pluie-wc-guide-ecologique-economique/,2.3861796855926514,3,,False,assigned
regler pression eau,https://cuve-expert.fr/blog/pompe-eau-dimension/,3.164639472961426,1,,False,assigned
pourquoi ma pompe à eau ne monte pas en pression,https://cuve-expert.fr/blog/faire-durer-pompe-relevage/,3.01961612701416,1,,False,assigned
eau dans la cave quand il pleut,https://cuve-expert.fr/blog/algues-citerne-eau/,2.4459071159362793,1,,False,assigned
recup eau de pluie,https://cuve-expert.fr/blog/recuperateur-eau-hiver/,2.794612407684326,1,,False,assigned
composition de l'adblue,https://cuve-expert.fr/blog/choisir-cuve-adblue/,1.8444268703460693,1,,False,assigned
recuperation tva sur carburant,https://cuve-expert.fr/blog/enlevement-cuve-a-fioul-gazoil-gnr-cout-aides-comment-faire/,2.2429003715515137,1,,False,assigned
pression de l'eau,https://cuve-expert.fr/blog/pression-sanitaire-habitation/,3.414153575897217,1,,False,assigned
volume eau,https://cuve-expert.fr/blog/pompe-surface-fonctionnement-avantages/,2.562959671020508,2,,False,assigned
pompe surpresseur puit,https://cuve-expert.fr/blog/guide-complet-pompes-vide-cave/,2.4883127212524414,1,,False,assigned
comment est fait l'adblue,https://cuve-expert.fr/blog/adblue-moteur-tracteur/,1.9669535160064697,2,,False,assigned
eau de pluie utilisation,https://cuve-expert.fr/blog/legal-recuperer-eau-pluviale/,2.9761106967926025,1,,False,assigned
raccordement pompe de relevage,https://cuve-expert.fr/blog/pompe-surface-fonctionnement-avantages/,2.2574589252471924,1,,False,assigned
essence tva,https://cuve-expert.fr/blog/author/anthony/page/4/,0.6922262907028198,0,,False,assigned
pompe de relevage eau pluviale,https://cuve-expert.fr/blog/pompe-relevage-eau-pluviale/,2.753243923187256,1,,False,assigned
gazole rouge,https://cuve-expert.fr/blog/comment-decolorer-du-fioul-rouge-pour-quil-devienne-gasoil/,0.8762004375457764,0,,False,assigned
eau dans la cave,https://cuve-expert.fr/blog/differences-pompe-d-arrosage-et-pompe-eau/,2.3338472843170166,1,,False,assigned
installation pompe de relevage eaux usées wc,https://cuve-expert.fr/blog/pompe-relevage-machine-laver/,2.901777982711792,1,,False,assigned
relier 2 cuves de 1000l,https://cuve-expert.fr/blog/fixer-recuperateur-eau-pluie/,2.0192623138427734,1,,False,assigned
comment récupérer l'eau de pluie,https://cuve-expert.fr/blog/recuperateur-eau-hiver/,2.8162901401519775,1,,False,assigned
debit eau maison,https://cuve-expert.fr/blog/probleme-cave/,2.4628994464874268,2,,False,assigned
comment dégazer une cuve à fioul,https://cuve-expert.fr/blog/fixer-recuperateur-eau-pluie/,2.045064926147461,2,,False,assigned
habillage recuperateur d'eau 1000l,https://cuve-expert.fr/blog/reglementation-sur-lutilisation-du-gnr/,1.790311574935913,2,,False,assigned
récupération eau de pluie,https://cuve-expert.fr/blog/recuperateur-eau-hiver/,3.0049619674682617,1,,False,assigned
hmt,https://cuve-expert.fr/blog/pompe-surface-fonctionnement-avantages/,1.3168903589248657,2,,False,assigned
pompe relevage eaux pluviales,https://cuve-expert.fr/blog/pompe-relevage-eau-pluviale/,3.0250964164733887,1,,False,assigned
déductibilité tva essence,https://cuve-expert.fr/blog/enlevement-cuve-a-fioul-gazoil-gnr-cout-aides-comment-faire/,1.399251937866211,1,,False,assigned
augmenter pression d'eau insuffisante,https://cuve-expert.fr/blog/pompe-eau-dimension/,3.0896687507629395,1,,False,assigned
interdiction récupérer eau de pluie,https://cuve-expert.fr/blog/legal-recuperer-eau-pluviale/,2.7371397018432617,1,,False,assigned
mon pressostat ne coupe pas la pompe,https://cuve-expert.fr/blog/installation-pompe-surface/,1.3441321849822998,2,,False,assigned
pompe a eau demarre et s'arrete,https://cuve-expert.fr/blog/pompe-relevage-eau-pluviale/,2.4655256271362305,1,,False,assigned
calcul pression eau hauteur,https://cuve-expert.fr/blog/calcul-hauteur-manometrique-pompe-eau/,3.2859463691711426,2,,False,assigned
utilisation de l'eau de pluie,https://cuve-expert.fr/blog/legal-recuperer-eau-pluviale/,3.075129985809326,1,,False,assigned
fonctionnement d'un relais,https://cuve-expert.fr/blog/jumeler-deux-cuves/,1.143772840499878,2,,False,assigned
fonctionnement d un relais,https://cuve-expert.fr/blog/jumeler-deux-cuves/,1.130530834197998,2,,False,assigned
recuperer tva sur carburant,https://cuve-expert.fr/blog/comment-controler-une-cuve-a-fuel-gazoil-gnr/,2.0412583351135254,1,,False,assigned
pompes de surface,https://cuve-expert.fr/blog/puiser-eau-canal-fosse/,2.838210344314575,1,,False,assigned
fonctionnement surpresseur eau,https://cuve-expert.fr/blog/faire-durer-pompe-relevage/,2.095653533935547,1,,False,assigned
tva sur l'essence,https://cuve-expert.fr/blog/comment-controler-une-cuve-a-fuel-gazoil-gnr/,1.2989541292190552,1,,False,assigned
pompe cave inondée,https://cuve-expert.fr/blog/differences-pompe-d-arrosage-et-pompe-eau/,2.500861644744873,1,,False,assigned
fonction d'un relais,https://cuve-expert.fr/blog/la-composition-de-adblue/,0.9462242126464844,2,,False,assigned
pompe d'arrosage,https://cuve-expert.fr/blog/pompe-relevage-outil-drainage/,2.249558925628662,3,,False,assigned
pompe vide-cave,https://cuve-expert.fr/blog/pompe-immergee-outil-extraire-eaux-souterraines/,2.765718698501587,0,,False,assigned
maison neuve eau dans vide sanitaire,https://cuve-expert.fr/blog/vider-maison-inondation/,2.4588840007781982,2,,False,assigned
récupération eaux pluviales,https://cuve-expert.fr/blog/recuperation-eau-pluie-wc-guide-ecologique-economique/,2.7900006771087646,3,,False,assigned
recuperateur eau pluviale,https://cuve-expert.fr/blog/recuperation-eau-pluie-wc-guide-ecologique-economique/,2.700277805328369,3,,False,assigned
fonctionnement pompe à eau,https://cuve-expert.fr/blog/faire-durer-pompe-relevage/,2.658381938934326,1,,False,assigned
eau de pluie wc sans pompe,https://cuve-expert.fr/blog/installer-pompe-relevage/,2.944404125213623,1,,False,assigned
pompe à aspiration,https://cuve-expert.fr/blog/guide-complet-pompes-vide-cave/,2.4057207107543945,1,,False,assigned
degazage cuve fuel,https://cuve-expert.fr/blog/neutralisation-cuve-a-fuel-gazoil-gnr-tout-ce-quil-faut-savoir/,2.9106249809265137,0,,False,assigned
quand remettre de l adblue,https://cuve-expert.fr/blog/installer-cuve-eau/,0.9425387382507324,1,,False,assigned
nettoyer reservoir gasoil,https://cuve-expert.fr/blog/comment-controler-une-cuve-a-fuel-gazoil-gnr/,3.0074377059936523,1,,False,assigned
recuperation tva carburant 2024,https://cuve-expert.fr/blog/distributeur-gazole-poids-lourds/,2.410186767578125,2,,False,assigned
réglage pressostat surpresseur,https://cuve-expert.fr/blog/surpresseur-arret-ou-demarre-trop-rapidement/,1.3769607543945312,2,,False,assigned
peut on mélanger fioul et gasoil voiture,https://cuve-expert.fr/blog/rouler-gnr/,2.763078212738037,1,,False,assigned
comment nettoyer une cuve à fioul,https://cuve-expert.fr/blog/comment-degazer-sa-cuve-a-fuel-gazoil-gnr/,2.7885661125183105,1,,False,assigned
norme adblue,https://cuve-expert.fr/blog/adblue-moteur-tracteur/,1.879945158958435,2,,False,assigned
adblue combien de km,https://cuve-expert.fr/blog/category/gestion-de-ladblue/,1.6683120727539062,0,,False,assigned
interdiction de recuperer l'eau de pluie,https://cuve-expert.fr/blog/legal-recuperer-eau-pluviale/,2.9932122230529785,1,,False,assigned
fioul agricole,https://cuve-expert.fr/blog/quelles-sont-les-marques-de-tracteurs-francais/,1.7278563976287842,1,,False,assigned
schema installation pompe de surface,https://cuve-expert.fr/blog/solution-problemes-aspiration-pompe-surface-et-pompe-surpresseur/,2.7184104919433594,1,,False,assigned
pompe de relevage pour machine à laver en sous-sol,https://cuve-expert.fr/blog/pompe-relevage-machine-laver/,3.069794178009033,1,,False,assigned
pompe pour vider une cave,https://cuve-expert.fr/blog/pompe-immergee-outil-extraire-eaux-souterraines/,1.9854381084442139,0,,False,assigned
cuve et pompe de relevage,https://cuve-expert.fr/blog/pompe-immergee-outil-extraire-eaux-souterraines/,1.6453194618225098,0,,False,assigned
recuperation tva carburant,https://cuve-expert.fr/blog/enlevement-cuve-a-fioul-gazoil-gnr-cout-aides-comment-faire/,2.313985586166382,1,,False,assigned
fioul rouge,https://cuve-expert.fr/blog/comment-decolorer-du-fioul-rouge-pour-quil-devienne-gasoil/,1.026766061782837,0,,False,assigned
essence tva deductible,https://cuve-expert.fr/blog/adblue-moteur-tracteur/,1.7035373449325562,2,,False,assigned
pompe de relevage pour eaux pluviales,https://cuve-expert.fr/blog/pompe-relevage-eau-pluviale/,2.591306209564209,1,,False,assigned
stockage carburant,https://cuve-expert.fr/blog/comment-stocker-du-carburant/,3.661526918411255,0,,False,assigned
nettoyage cuve fuel,https://cuve-expert.fr/blog/nettoyage-de-cuve-a-fuel-gazoil-gnr-tout-ce-quil-faut-savoir/,3.6159727573394775,1,,False,assigned
récupération des eaux,https://cuve-expert.fr/blog/recuperation-eau-pluie-wc-guide-ecologique-economique/,2.178426742553711,3,,False,assigned
nettoyage reservoir diesel,https://cuve-expert.fr/blog/comment-controler-une-cuve-a-fuel-gazoil-gnr/,3.125875234603882,1,,False,assigned
différente qualité adblue,https://cuve-expert.fr/blog/adblue-moteur-tracteur/,2.0264580249786377,2,,False,assigned
deduction tva carburant,https://cuve-expert.fr/blog/distributeur-gazole-poids-lourds/,2.400163173675537,1,,False,assigned
